接入域名,顶级域名,IP地址,是否备案,所属机房,活跃时间,是否违法,违法类型,是否处理完毕
28dydy.com,28dydy.com,112.73.81.175,未备案,常州电信,2019-03-05 23:58:20,
www.3589bb.com,3589bb.com,112.73.79.199,未备案,常州电信,2019-03-05 22:59:43,
18akak.com,18akak.com,112.73.81.175,未备案,常州电信,2019-03-05 23:59:36,
90hzyz8.com,90hzyz8.com,112.73.79.184,未备案,常州电信,2019-03-05 02:25:16,
m.s2665.com,s2665.com,112.73.79.184,未备案,常州电信,2019-03-05 00:47:56,
42789.com,42789.com,112.73.79.199,未备案,常州电信,2019-03-05 23:30:02,
5555ez.com,5555ez.com,112.73.81.175,未备案,常州电信,2019-03-05 23:59:58,
www.3333ec.com,3333ec.com,112.73.81.175,未备案,常州电信,2019-03-05 23:59:59,
www.3333aw.com,3333aw.com,112.73.81.175,未备案,常州电信,2019-03-05 23:59:59,
90hzyz28.com,90hzyz28.com,112.73.79.184,未备案,常州电信,2019-03-05 02:16:43,
www.7444s.com,7444s.com,112.73.79.199,未备案,常州电信,2019-03-05 18:40:59,
www.pcyaav.com,pcyaav.com,112.73.79.184,未备案,常州电信,2019-03-05 02:25:18,
57dydy.com,57dydy.com,112.73.81.175,未备案,常州电信,2019-03-05 23:59:32,
hg8811.com,hg8811.com,112.73.79.199,未备案,常州电信,2019-03-05 23:59:55,
l6474.com,l6474.com,112.73.79.199,未备案,常州电信,2019-03-05 22:18:15,
www.xed3335.com,xed3335.com,112.73.79.184,未备案,常州电信,2019-03-05 00:32:21,
www.beautyleg8.cc,beautyleg8.cc,112.73.81.155,未备案,常州电信,2019-03-05 23:59:45,
www.543ce.com,543ce.com,112.73.81.175,未备案,常州电信,2019-03-05 23:53:34,
87sb.com,87sb.com,112.73.79.199,未备案,常州电信,2019-03-05 17:18:22,
aqdybj.com,aqdybj.com,112.73.79.184,未备案,常州电信,2019-03-05 01:38:30,
ttbanyou.net,ttbanyou.net,112.73.81.155,未备案,常州电信,2019-03-05 23:59:59,
4444kc.com,4444kc.com,112.73.81.175,未备案,常州电信,2019-03-05 23:59:59,
www.772fh.com,772fh.com,112.73.79.199,未备案,常州电信,2019-03-05 23:40:50,
5555dk.com,5555dk.com,112.73.81.175,未备案,常州电信,2019-03-05 23:59:59,
059mm.com,059mm.com,112.73.79.184,未备案,常州电信,2019-03-05 00:49:56,
704.com,704.com,112.73.79.199,未备案,常州电信,2019-03-05 23:54:33,
79ckck.com,79ckck.com,112.73.81.175,未备案,常州电信,2019-03-05 23:58:32,
www.174555.com,174555.com,112.73.81.155,未备案,常州电信,2019-03-05 23:59:50,
www.33988.com,33988.com,112.73.81.155,未备案,常州电信,2019-03-05 23:58:42,
www.2222ak.com,2222ak.com,112.73.81.175,未备案,常州电信,2019-03-05 23:59:59,
aqdybi.com,aqdybi.com,112.73.79.184,未备案,常州电信,2019-03-05 08:26:28,
hg0038.com,hg0038.com,112.73.79.199,未备案,常州电信,2019-03-05 23:59:55,
9999zv.com,9999zv.com,112.73.81.175,未备案,常州电信,2019-03-05 23:59:44,
m.saaxs.cc,saaxs.cc,112.73.90.197,未备案,常州电信,2019-03-05 13:17:06,
www.55js.com,55js.com,112.73.79.199,未备案,常州电信,2019-03-05 20:05:02,
59dydy.com,59dydy.com,112.73.81.175,未备案,常州电信,2019-03-05 23:59:59,
6216s.com,6216s.com,112.73.79.184,未备案,常州电信,2019-03-05 01:01:44,
www.96sb.com,96sb.com,112.73.79.199,未备案,常州电信,2019-03-05 23:35:56,
www.46dydy.com,46dydy.com,112.73.81.175,未备案,常州电信,2019-03-05 23:59:41,
11244.com,11244.com,112.73.79.199,未备案,常州电信,2019-03-05 22:39:36,
35055.com,35055.com,112.73.79.184,未备案,常州电信,2019-03-05 00:52:51,
cqtzw.net,cqtzw.net,112.73.81.155,未备案,常州电信,2019-03-05 23:59:50,
www.27dydy.com,27dydy.com,112.73.81.175,未备案,常州电信,2019-03-05 23:53:51,
v6474.com,v6474.com,112.73.79.199,未备案,常州电信,2019-03-05 12:53:51,
www.66xinhao.com,66xinhao.com,112.73.90.223,未备案,常州电信,2019-03-05 14:40:44,
www.xb777.com,xb777.com,112.73.79.199,未备案,常州电信,2019-03-05 23:56:16,
543bo.com,543bo.com,112.73.81.175,未备案,常州电信,2019-03-05 23:42:05,
4446969.vip,4446969.vip,112.73.81.155,未备案,常州电信,2019-03-05 21:14:46,
jsvip777.com,jsvip777.com,112.73.79.184,未备案,常州电信,2019-03-05 00:31:36,
www.44pkcai.com,44pkcai.com,112.73.79.184,未备案,常州电信,2019-03-05 01:19:57,
www.4444kf.com,4444kf.com,112.73.81.175,未备案,常州电信,2019-03-05 23:59:59,
www.cbkking.com,cbkking.com,112.73.79.184,未备案,常州电信,2019-03-05 00:23:07,
jrwp.org,jrwp.org,112.73.79.182,未备案,常州电信,2019-03-05 23:51:42,
271789.com,271789.com,112.73.79.199,未备案,常州电信,2019-03-05 20:13:44,
www.29kvkv.com,29kvkv.com,112.73.81.175,未备案,常州电信,2019-03-05 23:53:04,
hg008.com,hg008.com,112.73.79.199,未备案,常州电信,2019-03-05 21:17:52,
www.975858.com,975858.com,112.73.79.199,未备案,常州电信,2019-03-05 23:45:07,
www.055699.com,055699.com,112.73.81.155,未备案,常州电信,2019-03-05 23:57:23,
woaidafa888.com,woaidafa888.com,112.73.79.184,未备案,常州电信,2019-03-05 00:12:15,
www.1111ke.com,1111ke.com,112.73.81.175,未备案,常州电信,2019-03-05 23:54:50,
134944.com,134944.com,112.73.79.199,未备案,常州电信,2019-03-05 18:47:07,
www.z1166.com,z1166.com,112.73.79.199,未备案,常州电信,2019-03-05 17:14:31,
www.345365.com,345365.com,112.73.81.155,未备案,常州电信,2019-03-05 22:10:29,
aqdybg.com,aqdybg.com,112.73.79.184,未备案,常州电信,2019-03-05 08:12:50,
www.931018.com,931018.com,112.73.79.199,未备案,常州电信,2019-03-05 20:32:48,
www.80338.com,80338.com,112.73.79.199,未备案,常州电信,2019-03-05 23:17:38,
m666ee.com,m666ee.com,112.73.79.184,未备案,常州电信,2019-03-05 01:06:41,
www.1111kt.com,1111kt.com,112.73.81.175,未备案,常州电信,2019-03-05 23:59:46,
www.tjmh01.com,tjmh01.com,112.73.79.199,未备案,常州电信,2019-03-05 23:00:12,
www.4444zv.com,4444zv.com,112.73.81.175,未备案,常州电信,2019-03-05 23:59:59,
tjmh01.com,tjmh01.com,112.73.79.199,未备案,常州电信,2019-03-05 23:00:12,
www.z88cc.com,z88cc.com,112.73.79.199,未备案,常州电信,2019-03-05 21:02:56,
www.14tvtv.com,14tvtv.com,112.73.81.175,未备案,常州电信,2019-03-05 23:59:59,
6099.com,6099.com,112.73.79.184,未备案,常州电信,2019-03-05 01:02:04,
m.hg126.com,hg126.com,112.73.79.199,未备案,常州电信,2019-03-05 23:54:10,
www.6666ez.com,6666ez.com,112.73.81.175,未备案,常州电信,2019-03-05 23:57:37,
5008w.com,5008w.com,112.73.89.160,未备案,常州电信,2019-03-05 23:59:59,
www.wxc5999.com,wxc5999.com,112.73.79.184,未备案,常州电信,2019-03-05 00:38:33,
www.8f06.com,8f06.com,112.73.79.184,未备案,常州电信,2019-03-05 00:42:32,
558899.com,558899.com,112.73.79.199,未备案,常州电信,2019-03-05 23:49:28,
www.ddtv11.com,ddtv11.com,112.73.81.175,未备案,常州电信,2019-03-05 23:58:22,
www.8888kc.com,8888kc.com,112.73.81.175,未备案,常州电信,2019-03-05 23:59:02,
bk4444.com,bk4444.com,112.73.81.175,未备案,常州电信,2019-03-05 23:53:56,
www.5555dk.com,5555dk.com,112.73.81.175,未备案,常州电信,2019-03-05 23:59:59,
3333qa.com,3333qa.com,112.73.81.175,未备案,常州电信,2019-03-05 23:54:50,
cbkmmm.com,cbkmmm.com,112.73.79.184,未备案,常州电信,2019-03-05 00:09:53,
www.273bt.com,273bt.com,112.73.89.160,未备案,常州电信,2019-03-05 23:59:19,
www.37744.com,37744.com,112.73.79.199,未备案,常州电信,2019-03-05 21:42:25,
m.36433.com,36433.com,112.73.79.199,未备案,常州电信,2019-03-05 23:49:09,
77158c.com,77158c.com,112.73.79.199,未备案,常州电信,2019-03-05 22:10:58,
www.msc33.com,msc33.com,112.73.79.199,未备案,常州电信,2019-03-05 19:49:28,
www.5555kc.com,5555kc.com,112.73.81.175,未备案,常州电信,2019-03-05 23:57:44,
www.234p.com,234p.com,112.73.79.199,未备案,常州电信,2019-03-05 22:27:52,
www.zr345.com,zr345.com,112.73.79.199,未备案,常州电信,2019-03-05 12:50:38,
www.2222dk.com,2222dk.com,112.73.81.175,未备案,常州电信,2019-03-05 23:57:46,
096768.com,096768.com,112.73.79.199,未备案,常州电信,2019-03-05 09:10:40,
www.47455.com,47455.com,112.73.81.155,未备案,常州电信,2019-03-05 23:16:56,
www.5555ec.com,5555ec.com,112.73.81.175,未备案,常州电信,2019-03-05 23:59:59,
www.lywkk.com,lywkk.com,112.73.79.184,未备案,常州电信,2019-03-05 03:15:36,
www.9999zk.com,9999zk.com,112.73.81.175,未备案,常州电信,2019-03-05 23:59:59,
77kp.com,77kp.com,112.73.89.244,未备案,常州电信,2019-03-05 23:59:59,
cbk44.com,cbk44.com,112.73.79.184,未备案,常州电信,2019-03-05 00:21:48,
www.76303.com,76303.com,112.73.79.199,未备案,常州电信,2019-03-05 23:57:22,
184144.com,184144.com,112.73.79.199,未备案,常州电信,2019-03-05 20:49:58,
www.799655.com,799655.com,112.73.79.199,未备案,常州电信,2019-03-05 23:58:35,
www.w6322.com,w6322.com,112.73.79.184,未备案,常州电信,2019-03-05 00:52:49,
555sds.com,555sds.com,112.73.81.175,未备案,常州电信,2019-03-05 23:41:20,
www.hg345.com,hg345.com,112.73.81.155,未备案,常州电信,2019-03-05 23:59:36,
www.cbkaaf.com,cbkaaf.com,112.73.79.184,未备案,常州电信,2019-03-05 00:00:41,
www.caobima.com,caobima.com,112.73.79.199,未备案,常州电信,2019-03-05 19:05:10,
14333p.com,14333p.com,112.73.79.199,未备案,常州电信,2019-03-05 21:07:10,
tjmh04.com,tjmh04.com,112.73.79.199,未备案,常州电信,2019-03-05 23:28:28,
www.wxc7114.com,wxc7114.com,112.73.79.184,未备案,常州电信,2019-03-05 00:41:50,
xindz7.com,xindz7.com,112.73.81.175,未备案,常州电信,2019-03-05 23:50:37,
771158.com,771158.com,112.73.79.199,未备案,常州电信,2019-03-05 23:15:31,
www.91221.com,91221.com,112.73.79.199,未备案,常州电信,2019-03-05 23:59:21,
267c2.dfcms.net,dfcms.net,112.73.90.232,未备案,常州电信,2019-03-05 23:42:05,
www.66300m.com,66300m.com,112.73.79.184,未备案,常州电信,2019-03-05 01:04:37,
308080.com,308080.com,112.73.81.155,未备案,常州电信,2019-03-05 23:54:33,
345365c.com,345365c.com,112.73.81.155,未备案,常州电信,2019-03-05 04:38:50,
www.cbkaai.com,cbkaai.com,112.73.79.184,未备案,常州电信,2019-03-05 02:22:29,
www.cbk2012.com,cbk2012.com,112.73.79.184,未备案,常州电信,2019-03-05 02:58:53,
www.6666kp.com,6666kp.com,112.73.81.175,未备案,常州电信,2019-03-05 23:59:59,
www.avav2018.com,avav2018.com,112.73.79.184,未备案,常州电信,2019-03-05 08:01:10,
www.543bb.com,543bb.com,112.73.81.175,未备案,常州电信,2019-03-05 23:59:03,
www.yawo123.com,yawo123.com,112.73.79.184,未备案,常州电信,2019-03-05 01:03:42,
lulu777.com,lulu777.com,112.73.79.199,未备案,常州电信,2019-03-05 23:57:23,
www.3333sds.com,3333sds.com,112.73.81.175,未备案,常州电信,2019-03-05 23:59:29,
www.7777ym.com,7777ym.com,112.73.81.175,未备案,常州电信,2019-03-05 23:54:57,
www.059h.cc,059h.cc,112.73.79.184,未备案,常州电信,2019-03-05 00:50:53,
444365555.com,444365555.com,112.73.81.155,未备案,常州电信,2019-03-05 23:54:22,
www.16ckck.com,16ckck.com,112.73.81.175,未备案,常州电信,2019-03-05 23:59:15,
www.35kvkv.com,35kvkv.com,112.73.81.175,未备案,常州电信,2019-03-05 23:58:40,
www.ttbanyou.net,ttbanyou.net,112.73.81.155,未备案,常州电信,2019-03-05 23:59:59,
lqz999.com,lqz999.com,112.73.79.199,未备案,常州电信,2019-03-05 17:58:43,
58avav.com,58avav.com,112.73.81.175,未备案,常州电信,2019-03-05 23:59:34,
www.2222ec.com,2222ec.com,112.73.81.175,未备案,常州电信,2019-03-05 23:59:59,
www.hg3737vip.com,hg3737vip.com,112.73.89.160,未备案,常州电信,2019-03-05 03:16:19,
www.hh99.me,hh99.me,112.73.81.175,未备案,常州电信,2019-03-05 23:59:59,
www.53dydy.com,53dydy.com,112.73.81.175,未备案,常州电信,2019-03-05 23:59:37,
czx244.com,czx244.com,112.73.79.199,未备案,常州电信,2019-03-05 22:20:34,
46dydy.com,46dydy.com,112.73.81.175,未备案,常州电信,2019-03-05 23:59:41,
www.129768.com,129768.com,112.73.79.199,未备案,常州电信,2019-03-05 19:01:08,
092ccc.com,092ccc.com,112.73.79.184,未备案,常州电信,2019-03-05 01:14:47,
www.12tvtv.com,12tvtv.com,112.73.81.175,未备案,常州电信,2019-03-05 23:59:59,
tx535.com,tx535.com,112.73.79.199,未备案,常州电信,2019-03-05 23:55:35,
accp9999.com,accp9999.com,112.73.79.184,未备案,常州电信,2019-03-05 00:17:32,
www.hxcollege.com,hxcollege.com,112.73.79.184,未备案,常州电信,2019-03-05 06:19:58,
www.wangluohai.com,wangluohai.com,112.73.89.160,未备案,常州电信,2019-03-05 23:57:52,
www.431222.com,431222.com,112.73.81.155,未备案,常州电信,2019-03-05 23:59:54,
caobike.com,caobike.com,112.73.79.184,未备案,常州电信,2019-03-05 01:38:03,
www.meitui.org,meitui.org,112.73.81.155,未备案,常州电信,2019-03-05 23:37:55,
www.sb9.cc,sb9.cc,112.73.81.155,未备案,常州电信,2019-03-05 23:40:54,
www.6666zk.com,6666zk.com,112.73.81.175,未备案,常州电信,2019-03-05 23:59:03,
www.hg9738.com,hg9738.com,112.73.79.184,未备案,常州电信,2019-03-05 00:29:37,
4444ez.com,4444ez.com,112.73.81.175,未备案,常州电信,2019-03-05 23:59:59,
qidianbpc.com,qidianbpc.com,112.73.89.160,未备案,常州电信,2019-03-05 23:22:18,
r2266.com,r2266.com,112.73.79.184,未备案,常州电信,2019-03-05 00:21:21,
www.4444bx.com,4444bx.com,112.73.81.175,未备案,常州电信,2019-03-05 23:59:59,
wxc007.com,wxc007.com,112.73.79.184,未备案,常州电信,2019-03-05 01:17:19,
6666kt.com,6666kt.com,112.73.81.175,未备案,常州电信,2019-03-05 23:59:54,
www.husini8.com,husini8.com,112.73.81.155,未备案,常州电信,2019-03-05 23:47:52,
www.cbk2017.com,cbk2017.com,112.73.79.184,未备案,常州电信,2019-03-05 07:14:29,
www.1111ez.com,1111ez.com,112.73.81.175,未备案,常州电信,2019-03-05 23:59:20,
68116.com,68116.com,112.73.79.199,未备案,常州电信,2019-03-05 23:59:20,
8f06.com,8f06.com,112.73.79.184,未备案,常州电信,2019-03-05 00:42:32,
713uuu.com,713uuu.com,112.73.79.184,未备案,常州电信,2019-03-05 00:32:29,
www.88938m.com,88938m.com,112.73.79.184,未备案,常州电信,2019-03-05 00:25:17,
336444.com,336444.com,112.73.79.199,未备案,常州电信,2019-03-05 19:09:23,
www.3333af.com,3333af.com,112.73.81.175,未备案,常州电信,2019-03-05 23:55:07,
www.2222ke.com,2222ke.com,112.73.81.175,未备案,常州电信,2019-03-05 23:59:59,
27dydy.com,27dydy.com,112.73.81.175,未备案,常州电信,2019-03-05 23:53:51,
www.husiniba.com,husiniba.com,112.73.81.155,未备案,常州电信,2019-03-05 23:58:42,
m.23us.cc,23us.cc,112.73.79.184,未备案,常州电信,2019-03-05 08:40:19,
xed9556.com,xed9556.com,112.73.79.184,未备案,常州电信,2019-03-05 00:09:05,
3333ae.com,3333ae.com,112.73.81.175,未备案,常州电信,2019-03-05 23:51:33,
743.net,743.net,112.73.79.199,未备案,常州电信,2019-03-05 21:48:40,
www.5555zk.com,5555zk.com,112.73.81.175,未备案,常州电信,2019-03-05 23:59:58,
gycp09.com,gycp09.com,112.73.79.199,未备案,常州电信,2019-03-05 19:00:39,
www.3333bx.com,3333bx.com,112.73.81.175,未备案,常州电信,2019-03-05 23:59:59,
2222ec.com,2222ec.com,112.73.81.175,未备案,常州电信,2019-03-05 23:59:59,
2222ke.com,2222ke.com,112.73.81.175,未备案,常州电信,2019-03-05 23:59:59,
www.773buy.com,773buy.com,112.73.89.160,未备案,常州电信,2019-03-05 22:50:13,
www.tk44.com,tk44.com,112.73.79.199,未备案,常州电信,2019-03-05 23:58:29,
www.8811cb.com,8811cb.com,112.73.81.175,未备案,常州电信,2019-03-05 23:51:57,
www.44436588.com,44436588.com,112.73.81.155,未备案,常州电信,2019-03-05 22:53:57,
www.055697.com,055697.com,112.73.81.155,未备案,常州电信,2019-03-05 23:49:42,
www.21ckck.com,21ckck.com,112.73.81.175,未备案,常州电信,2019-03-05 23:49:02,
www.131944.com,131944.com,112.73.79.199,未备案,常州电信,2019-03-05 23:46:11,
5558687.com,5558687.com,112.73.81.155,未备案,常州电信,2019-03-05 22:49:58,
www.xed4442.com,xed4442.com,112.73.79.184,未备案,常州电信,2019-03-05 00:10:12,
06956.com,06956.com,112.73.79.184,未备案,常州电信,2019-03-05 02:31:26,
www.qidianbpc.com,qidianbpc.com,112.73.79.182,未备案,常州电信,2019-03-05 23:22:18,
www.wxc555.com,wxc555.com,112.73.79.184,未备案,常州电信,2019-03-05 00:18:29,
lao1155.com,lao1155.com,112.73.79.184,未备案,常州电信,2019-03-05 00:51:29,
www.2222bg.com,2222bg.com,112.73.81.175,未备案,常州电信,2019-03-05 23:59:59,
34tvtv.com,34tvtv.com,112.73.81.175,未备案,常州电信,2019-03-05 23:59:59,
11tt.com,11tt.com,112.73.79.199,未备案,常州电信,2019-03-05 22:50:17,
www.2222zm.com,2222zm.com,112.73.81.175,未备案,常州电信,2019-03-05 23:59:19,
www.666pt.com,666pt.com,112.73.79.199,未备案,常州电信,2019-03-05 23:04:34,
www.xb88ee.com,xb88ee.com,112.73.79.199,未备案,常州电信,2019-03-05 18:46:43,
www.26tvtv.com,26tvtv.com,112.73.81.175,未备案,常州电信,2019-03-05 23:59:58,
www.336688d.com,336688d.com,112.73.79.199,未备案,常州电信,2019-03-05 21:18:00,
www.5345yy.com,5345yy.com,112.73.79.184,未备案,常州电信,2019-03-05 00:35:11,
www.3333qa.com,3333qa.com,112.73.81.175,未备案,常州电信,2019-03-05 23:54:50,
www.9999et.com,9999et.com,112.73.81.175,未备案,常州电信,2019-03-05 23:59:33,
www.j6474.com,j6474.com,112.73.79.199,未备案,常州电信,2019-03-05 22:14:43,
www.789.af,789.af,112.73.79.184,未备案,常州电信,2019-03-05 00:36:32,
www.gycp20.com,gycp20.com,112.73.79.199,未备案,常州电信,2019-03-05 19:29:05,
87yy.tv,87yy.tv,112.73.79.182,未备案,常州电信,2019-03-05 23:27:36,
6666xe.com,6666xe.com,112.73.81.175,未备案,常州电信,2019-03-05 23:59:59,
www.13ckck.com,13ckck.com,112.73.81.175,未备案,常州电信,2019-03-05 23:59:59,
11sds.com,11sds.com,112.73.81.175,未备案,常州电信,2019-03-05 23:58:07,
94abab.com,94abab.com,112.73.81.175,未备案,常州电信,2019-03-05 19:29:49,
www.hopesoft.net,hopesoft.net,112.73.79.184,未备案,常州电信,2019-03-05 00:03:56,
hg16666.com,hg16666.com,112.73.79.199,未备案,常州电信,2019-03-05 23:54:56,
35433.com,35433.com,112.73.79.199,未备案,常州电信,2019-03-05 23:41:41,
www.4444zw.com,4444zw.com,112.73.81.175,未备案,常州电信,2019-03-05 23:59:59,
gycp23.com,gycp23.com,112.73.79.199,未备案,常州电信,2019-03-05 02:48:50,
257678.com,257678.com,112.73.79.199,未备案,常州电信,2019-03-05 20:15:35,
www.273789.com,273789.com,112.73.79.199,未备案,常州电信,2019-03-05 22:27:51,
www.7777kf.com,7777kf.com,112.73.81.175,未备案,常州电信,2019-03-05 23:59:59,
www.0657.com,0657.com,112.73.79.199,未备案,常州电信,2019-03-05 22:19:05,
www.cbk2016.com,cbk2016.com,112.73.79.184,未备案,常州电信,2019-03-05 03:02:56,
563365.com,563365.com,112.73.79.184,未备案,常州电信,2019-03-05 00:52:50,
www.667792.com,667792.com,112.73.79.184,未备案,常州电信,2019-03-05 01:03:42,
360255.com,360255.com,112.73.79.199,未备案,常州电信,2019-03-05 08:09:04,
www.54ckck.com,54ckck.com,112.73.81.175,未备案,常州电信,2019-03-05 23:59:32,
www.yawooo.com,yawooo.com,112.73.79.184,未备案,常州电信,2019-03-05 00:48:17,
www.lao9888.com,lao9888.com,112.73.79.184,未备案,常州电信,2019-03-05 00:40:25,
www.cbkqqq.com,cbkqqq.com,112.73.79.184,未备案,常州电信,2019-03-05 02:56:01,
12ckck.com,12ckck.com,112.73.81.175,未备案,常州电信,2019-03-05 23:59:59,
www.543ap.com,543ap.com,112.73.81.175,未备案,常州电信,2019-03-05 23:54:18,
713jc.com,713jc.com,112.73.79.184,未备案,常州电信,2019-03-05 06:15:09,
cbkccc.com,cbkccc.com,112.73.79.184,未备案,常州电信,2019-03-05 07:52:09,
94633d2.com,94633d2.com,112.73.81.155,未备案,常州电信,2019-03-05 23:09:02,
m.hbw8.org,hbw8.org,112.73.90.197,未备案,常州电信,2019-03-05 18:02:39,
6666zk.com,6666zk.com,112.73.81.175,未备案,常州电信,2019-03-05 23:59:03,
m.76303.com,76303.com,112.73.79.199,未备案,常州电信,2019-03-05 23:57:22,
www.hg3737.com,hg3737.com,112.73.81.155,未备案,常州电信,2019-03-05 23:37:31,
19tvtv.com,19tvtv.com,112.73.81.175,未备案,常州电信,2019-03-05 23:59:38,
www.cbkyy.me,cbkyy.me,112.73.79.184,未备案,常州电信,2019-03-05 04:37:01,
m.js902.com,js902.com,112.73.79.199,未备案,常州电信,2019-03-05 17:22:47,
www.54avav.com,54avav.com,112.73.81.175,未备案,常州电信,2019-03-05 23:59:59,
www.6474m.com,6474m.com,112.73.79.199,未备案,常州电信,2019-03-05 09:57:41,
www.88pt88.com,88pt88.com,112.73.79.184,未备案,常州电信,2019-03-05 01:13:14,
tai11111.com,tai11111.com,112.73.79.199,未备案,常州电信,2019-03-05 20:41:02,
24051113524f5d.dfcms.net,dfcms.net,112.73.90.232,未备案,常州电信,2019-03-05 23:42:05,
www.bjnh.org,bjnh.org,112.73.81.155,未备案,常州电信,2019-03-05 23:33:13,
43abab.com,43abab.com,112.73.81.175,未备案,常州电信,2019-03-05 23:49:02,
www.wxc7778.com,wxc7778.com,112.73.79.184,未备案,常州电信,2019-03-05 00:46:20,
9999ak.com,9999ak.com,112.73.81.175,未备案,常州电信,2019-03-05 23:59:57,
hg622.com,hg622.com,112.73.79.199,未备案,常州电信,2019-03-05 22:26:07,
2222zm.com,2222zm.com,112.73.81.175,未备案,常州电信,2019-03-05 23:59:19,
caobcaob.com,caobcaob.com,112.73.79.199,未备案,常州电信,2019-03-05 23:23:02,
336688a.com,336688a.com,112.73.79.199,未备案,常州电信,2019-03-05 23:13:45,
www.pt88vip6.com,pt88vip6.com,112.73.79.184,未备案,常州电信,2019-03-05 00:33:24,
3424400.com,3424400.com,112.73.79.184,未备案,常州电信,2019-03-05 00:40:17,
www.1111zp.com,1111zp.com,112.73.81.175,未备案,常州电信,2019-03-05 23:59:53,
www.3333ak.com,3333ak.com,112.73.81.175,未备案,常州电信,2019-03-05 23:58:48,
www.dafa.cc,dafa.cc,112.73.79.184,未备案,常州电信,2019-03-05 01:17:50,
www.wxc5588.com,wxc5588.com,112.73.79.184,未备案,常州电信,2019-03-05 00:38:33,
920mm.com,920mm.com,112.73.81.155,未备案,常州电信,2019-03-05 23:59:40,
8f886.com,8f886.com,112.73.79.184,未备案,常州电信,2019-03-05 01:13:14,
www.beijing1069.com,beijing1069.com,112.73.81.155,未备案,常州电信,2019-03-05 23:58:40,
www.js55519.com,js55519.com,112.73.79.199,未备案,常州电信,2019-03-05 22:39:49,
www.lhs222.com,lhs222.com,112.73.81.175,未备案,常州电信,2019-03-05 23:59:36,
www.hx111.com,hx111.com,112.73.79.199,未备案,常州电信,2019-03-05 23:43:15,
14333j.com,14333j.com,112.73.79.199,未备案,常州电信,2019-03-05 21:56:00,
www.lywrb.com,lywrb.com,112.73.79.184,未备案,常州电信,2019-03-05 00:04:16,
111sds.com,111sds.com,112.73.81.175,未备案,常州电信,2019-03-05 23:59:47,
14akak.com,14akak.com,112.73.81.175,未备案,常州电信,2019-03-05 23:59:48,
ddtv2244.com,ddtv2244.com,112.73.81.175,未备案,常州电信,2019-03-05 23:55:55,
16ckck.com,16ckck.com,112.73.81.175,未备案,常州电信,2019-03-05 23:59:15,
www.ppyawo.com,ppyawo.com,112.73.79.184,未备案,常州电信,2019-03-05 05:17:13,
www.msc99.com,msc99.com,112.73.79.199,未备案,常州电信,2019-03-05 23:45:55,
www.lao1144.com,lao1144.com,112.73.79.184,未备案,常州电信,2019-03-05 01:09:29,
www.bu7777.com,bu7777.com,112.73.81.175,未备案,常州电信,2019-03-05 23:59:40,
6lulu.com,6lulu.com,112.73.79.199,未备案,常州电信,2019-03-05 21:15:15,
www.67dydy.com,67dydy.com,112.73.81.175,未备案,常州电信,2019-03-05 23:59:59,
www.y14333.com,y14333.com,112.73.79.199,未备案,常州电信,2019-03-05 22:01:01,
48dydy.com,48dydy.com,112.73.81.175,未备案,常州电信,2019-03-05 23:59:52,
www.226444.com,226444.com,112.73.79.199,未备案,常州电信,2019-03-05 23:14:23,
www.wxc2111.com,wxc2111.com,112.73.79.184,未备案,常州电信,2019-03-05 01:16:41,
www.caocao88.com,caocao88.com,112.73.79.199,未备案,常州电信,2019-03-05 23:50:45,
www.tk345.com,tk345.com,112.73.79.199,未备案,常州电信,2019-03-05 23:58:40,
www.188jbb.com,188jbb.com,112.73.81.155,未备案,常州电信,2019-03-05 23:52:17,
www.x6474.com,x6474.com,112.73.79.199,未备案,常州电信,2019-03-05 04:30:34,
cbkfff.com,cbkfff.com,112.73.79.184,未备案,常州电信,2019-03-05 00:33:48,
y5517.com,y5517.com,112.73.79.184,未备案,常州电信,2019-03-05 03:57:18,
www.hg126.com,hg126.com,112.73.79.199,未备案,常州电信,2019-03-05 23:54:10,
www.68116.com,68116.com,112.73.79.199,未备案,常州电信,2019-03-05 23:59:20,
5555xe.com,5555xe.com,112.73.81.175,未备案,常州电信,2019-03-05 23:59:59,
www.014000.com,014000.com,112.73.79.184,未备案,常州电信,2019-03-05 01:11:35,
www.saoyawo.com,saoyawo.com,112.73.79.184,未备案,常州电信,2019-03-05 06:07:32,
hg.y9979.com,y9979.com,112.73.79.199,未备案,常州电信,2019-03-05 22:13:22,
www.qiqi321.com,qiqi321.com,112.73.89.244,未备案,常州电信,2019-03-05 23:59:18,
www.r1134.com,r1134.com,112.73.79.184,未备案,常州电信,2019-03-05 00:35:46,
www.90hzyz.com,90hzyz.com,112.73.79.184,未备案,常州电信,2019-03-05 00:43:55,
bbs.gxsky.com,gxsky.com,112.73.81.175,未备案,常州电信,2019-03-05 13:40:21,
vip030.com,vip030.com,112.73.79.184,未备案,常州电信,2019-03-05 00:00:36,
www.sousi66.com,sousi66.com,112.73.81.155,未备案,常州电信,2019-03-05 23:59:54,
www.shubao520.net,shubao520.net,112.73.81.155,未备案,常州电信,2019-03-05 18:20:06,
lao6677.com,lao6677.com,112.73.79.184,未备案,常州电信,2019-03-05 00:43:41,
www.1111ec.com,1111ec.com,112.73.81.175,未备案,常州电信,2019-03-05 23:59:15,
www.896567.com,896567.com,112.73.79.199,未备案,常州电信,2019-03-05 20:32:12,
www.16akak.com,16akak.com,112.73.81.175,未备案,常州电信,2019-03-05 23:59:59,
www.cbkaac.com,cbkaac.com,112.73.79.184,未备案,常州电信,2019-03-05 02:10:14,
www.68ckck.com,68ckck.com,112.73.81.175,未备案,常州电信,2019-03-05 23:55:59,
www.6635.com,6635.com,112.73.89.203,未备案,常州电信,2019-03-05 06:48:49,
072768.com,072768.com,112.73.79.199,未备案,常州电信,2019-03-05 19:25:59,
m.js7373.com,js7373.com,112.73.79.199,未备案,常州电信,2019-03-05 20:04:44,
www.bu6666.com,bu6666.com,112.73.81.175,未备案,常州电信,2019-03-05 23:57:47,
d5228.com,d5228.com,112.73.79.184,未备案,常州电信,2019-03-05 00:58:02,
www.7777xe.com,7777xe.com,112.73.81.175,未备案,常州电信,2019-03-05 23:59:59,
www.635aa.com,635aa.com,112.73.79.184,未备案,常州电信,2019-03-05 01:21:04,
www.2222ae.com,2222ae.com,112.73.81.175,未备案,常州电信,2019-03-05 23:59:59,
www.938568.com,938568.com,112.73.79.199,未备案,常州电信,2019-03-05 23:35:30,
m.biying990vip.com,biying990vip.com,112.73.79.184,未备案,常州电信,2019-03-05 00:24:29,
h14333.com,h14333.com,112.73.79.199,未备案,常州电信,2019-03-05 23:57:39,
28365l.com,28365l.com,112.73.79.184,未备案,常州电信,2019-03-05 01:21:04,
www.704.com,704.com,112.73.79.199,未备案,常州电信,2019-03-05 23:54:33,
hg126a.com,hg126a.com,112.73.79.199,未备案,常州电信,2019-03-05 20:07:24,
34abab.com,34abab.com,112.73.81.175,未备案,常州电信,2019-03-05 23:55:47,
www.76dydy.com,76dydy.com,112.73.81.175,未备案,常州电信,2019-03-05 23:59:15,
www.3333zv.com,3333zv.com,112.73.81.175,未备案,常州电信,2019-03-05 23:59:59,
52avkf.namebbb123.com,namebbb123.com,112.73.81.175,未备案,常州电信,2019-03-05 11:56:29,
laoaaaa.com,laoaaaa.com,112.73.79.184,未备案,常州电信,2019-03-05 01:11:07,
wxc2222.com,wxc2222.com,112.73.79.184,未备案,常州电信,2019-03-05 00:46:18,
2222ae.com,2222ae.com,112.73.81.175,未备案,常州电信,2019-03-05 23:59:59,
www.cbkaab.com,cbkaab.com,112.73.79.184,未备案,常州电信,2019-03-05 08:14:59,
www.lywse.com,lywse.com,112.73.79.184,未备案,常州电信,2019-03-05 06:23:31,
www.39kvkv.com,39kvkv.com,112.73.81.175,未备案,常州电信,2019-03-05 23:56:13,
beautyleg8.vip,beautyleg8.vip,112.73.81.155,未备案,常州电信,2019-03-05 23:59:58,
www.nb098.com,nb098.com,112.73.79.184,未备案,常州电信,2019-03-05 06:31:29,
am183.com,am183.com,112.73.79.199,未备案,常州电信,2019-03-05 18:10:12,
3421133.com,3421133.com,112.73.79.184,未备案,常州电信,2019-03-05 01:18:58,
www.gzboy.net,gzboy.net,112.73.81.155,未备案,常州电信,2019-03-05 23:59:36,
www.schannel.site,schannel.site,112.73.81.155,未备案,常州电信,2019-03-05 23:46:14,
www.517tj.com,517tj.com,112.73.79.199,未备案,常州电信,2019-03-05 22:54:38,
www.2222kt.com,2222kt.com,112.73.81.175,未备案,常州电信,2019-03-05 23:54:45,
www.z88vv.com,z88vv.com,112.73.79.199,未备案,常州电信,2019-03-05 00:43:50,
jnh556.com,jnh556.com,112.73.79.184,未备案,常州电信,2019-03-05 00:43:39,
76303.com,76303.com,112.73.79.199,未备案,常州电信,2019-03-05 23:57:22,
m.shubao520.net,shubao520.net,112.73.81.155,未备案,常州电信,2019-03-05 18:20:06,
www.2266cb.com,2266cb.com,112.73.81.175,未备案,常州电信,2019-03-05 23:59:59,
7777ym.com,7777ym.com,112.73.81.175,未备案,常州电信,2019-03-05 23:54:57,
yun9991.com,yun9991.com,112.73.79.184,未备案,常州电信,2019-03-05 01:17:23,
www.a14333.com,a14333.com,112.73.79.199,未备案,常州电信,2019-03-05 03:13:24,
www.355b.com,355b.com,112.73.79.199,未备案,常州电信,2019-03-05 23:58:21,
www.laoyawo.com,laoyawo.com,112.73.79.184,未备案,常州电信,2019-03-05 01:00:03,
36aa8.dfcms.net,dfcms.net,112.73.90.232,未备案,常州电信,2019-03-05 23:42:05,
aqdybw.com,aqdybw.com,112.73.79.184,未备案,常州电信,2019-03-05 08:34:30,
www.qidian189.com,qidian189.com,112.73.81.155,未备案,常州电信,2019-03-05 18:44:23,
www.www-xi8.net,www-xi8.net,112.73.79.184,未备案,常州电信,2019-03-05 00:50:49,
www6cn.com,www6cn.com,112.73.81.155,未备案,常州电信,2019-03-05 22:52:13,
cbkaai.com,cbkaai.com,112.73.79.184,未备案,常州电信,2019-03-05 02:22:29,
www.1433198.com,1433198.com,112.73.79.199,未备案,常州电信,2019-03-05 16:35:32,
www.3424499.com,3424499.com,112.73.79.184,未备案,常州电信,2019-03-05 00:12:50,
www.7777bx.com,7777bx.com,112.73.81.175,未备案,常州电信,2019-03-05 23:59:38,
www.wxc7700.com,wxc7700.com,112.73.79.184,未备案,常州电信,2019-03-05 01:17:20,
www.8888kt.com,8888kt.com,112.73.81.175,未备案,常州电信,2019-03-05 23:59:59,
cbkaae.com,cbkaae.com,112.73.79.184,未备案,常州电信,2019-03-05 02:09:57,
www.wxc1444.com,wxc1444.com,112.73.79.184,未备案,常州电信,2019-03-05 00:19:37,
www.hg622.com,hg622.com,112.73.79.199,未备案,常州电信,2019-03-05 22:26:07,
www.308080.com,308080.com,112.73.81.155,未备案,常州电信,2019-03-05 23:54:33,
6666kf.com,6666kf.com,112.73.81.175,未备案,常州电信,2019-03-05 23:59:59,
www.88k.tv,88k.tv,112.73.89.160,未备案,常州电信,2019-03-05 23:59:59,
www.55dydy.com,55dydy.com,112.73.81.175,未备案,常州电信,2019-03-05 23:59:59,
www.49dydy.com,49dydy.com,112.73.81.175,未备案,常州电信,2019-03-05 23:59:59,
y6474.com,y6474.com,112.73.79.199,未备案,常州电信,2019-03-05 23:33:07,
www.wwwcomcn.cc,wwwcomcn.cc,112.73.81.155,未备案,常州电信,2019-03-05 23:59:21,
www.90hzyz28.com,90hzyz28.com,112.73.79.184,未备案,常州电信,2019-03-05 02:16:43,
www.k6474.com,k6474.com,112.73.79.199,未备案,常州电信,2019-03-05 22:16:40,
www.9999ak.com,9999ak.com,112.73.81.175,未备案,常州电信,2019-03-05 23:59:57,
3333bx.com,3333bx.com,112.73.81.175,未备案,常州电信,2019-03-05 23:59:59,
www.x8702x.com,x8702x.com,112.73.81.175,未备案,常州电信,2019-03-05 23:58:34,
26dydy.com,26dydy.com,112.73.81.175,未备案,常州电信,2019-03-05 23:53:36,
14333e.com,14333e.com,112.73.79.199,未备案,常州电信,2019-03-05 18:18:29,
www.8888xe.com,8888xe.com,112.73.81.175,未备案,常州电信,2019-03-05 23:59:54,
wxc006.com,wxc006.com,112.73.79.184,未备案,常州电信,2019-03-05 01:03:54,
www.yjmxxoo.com,yjmxxoo.com,112.73.79.184,未备案,常州电信,2019-03-05 03:28:09,
www.271789.com,271789.com,112.73.79.199,未备案,常州电信,2019-03-05 20:13:44,
3333kc.com,3333kc.com,112.73.81.175,未备案,常州电信,2019-03-05 23:59:24,
tk180.com,tk180.com,112.73.79.199,未备案,常州电信,2019-03-05 23:55:01,
www.5555kf.com,5555kf.com,112.73.81.175,未备案,常州电信,2019-03-05 23:59:59,
gycp26.com,gycp26.com,112.73.79.199,未备案,常州电信,2019-03-05 19:01:03,
www.88888.tm,88888.tm,112.73.79.199,未备案,常州电信,2019-03-05 08:54:03,
cn-testcenter.cjzz.gztfgame.com,gztfgame.com,112.73.89.127,未备案,常州电信,2019-03-05 16:37:12,
www.44kvkv.com,44kvkv.com,112.73.81.175,未备案,常州电信,2019-03-05 23:59:33,
087768.com,087768.com,112.73.79.199,未备案,常州电信,2019-03-05 16:57:51,
www.4444kc.com,4444kc.com,112.73.81.175,未备案,常州电信,2019-03-05 23:59:59,
www.2222zv.com,2222zv.com,112.73.81.175,未备案,常州电信,2019-03-05 23:59:59,
z88z88.com,z88z88.com,112.73.79.199,未备案,常州电信,2019-03-05 21:57:50,
www.lao1155.com,lao1155.com,112.73.79.184,未备案,常州电信,2019-03-05 00:51:29,
www.wxc9696.com,wxc9696.com,112.73.79.184,未备案,常州电信,2019-03-05 01:03:15,
www.563365.com,563365.com,112.73.79.184,未备案,常州电信,2019-03-05 00:52:50,
www.7777sds.com,7777sds.com,112.73.81.175,未备案,常州电信,2019-03-05 23:59:59,
6666ke.com,6666ke.com,112.73.81.175,未备案,常州电信,2019-03-05 23:59:59,
www.3333zk.com,3333zk.com,112.73.81.175,未备案,常州电信,2019-03-05 23:59:53,
6474k.com,6474k.com,112.73.79.199,未备案,常州电信,2019-03-05 14:33:07,
4444ah.com,4444ah.com,112.73.81.175,未备案,常州电信,2019-03-05 23:59:59,
www.12akak.com,12akak.com,112.73.81.175,未备案,常州电信,2019-03-05 23:59:59,
yy4066.com,yy4066.com,112.73.79.184,未备案,常州电信,2019-03-05 00:42:27,
xxoodizhi.com,xxoodizhi.com,112.73.79.184,未备案,常州电信,2019-03-05 00:38:01,
www.mgm8030.com,mgm8030.com,112.73.79.184,未备案,常州电信,2019-03-05 00:55:27,
yy4138.com,yy4138.com,112.73.81.155,未备案,常州电信,2019-03-05 09:03:10,
www.xindz2.com,xindz2.com,112.73.81.175,未备案,常州电信,2019-03-05 23:59:59,
hh22.me,hh22.me,112.73.81.175,未备案,常州电信,2019-03-05 23:59:59,
www.2222xe.com,2222xe.com,112.73.81.175,未备案,常州电信,2019-03-05 23:59:59,
www.26dydy.com,26dydy.com,112.73.81.175,未备案,常州电信,2019-03-05 23:53:36,
hg859.com,hg859.com,112.73.79.199,未备案,常州电信,2019-03-05 20:43:35,
www.wxc6666.com,wxc6666.com,112.73.79.184,未备案,常州电信,2019-03-05 01:11:34,
www.6004jin.com,6004jin.com,112.73.79.184,未备案,常州电信,2019-03-05 08:20:06,
www.87yy.tv,87yy.tv,112.73.89.160,未备案,常州电信,2019-03-05 23:27:36,
059qqq.com,059qqq.com,112.73.79.184,未备案,常州电信,2019-03-05 00:10:19,
6474t.com,6474t.com,112.73.79.199,未备案,常州电信,2019-03-05 20:56:02,
4444zk.com,4444zk.com,112.73.81.175,未备案,常州电信,2019-03-05 23:59:59,
6474f.com,6474f.com,112.73.79.199,未备案,常州电信,2019-03-05 19:24:19,
www.48ckck.com,48ckck.com,112.73.81.175,未备案,常州电信,2019-03-05 12:56:29,
17ckck.com,17ckck.com,112.73.81.175,未备案,常州电信,2019-03-05 23:59:57,
www.7777xz.com,7777xz.com,112.73.81.175,未备案,常州电信,2019-03-05 23:59:06,
www.hg88.com,hg88.com,112.73.79.199,未备案,常州电信,2019-03-05 22:29:12,
www.9999xe.com,9999xe.com,112.73.81.175,未备案,常州电信,2019-03-05 23:59:59,
64ckck.com,64ckck.com,112.73.81.175,未备案,常州电信,2019-03-05 23:59:51,
n6474.com,n6474.com,112.73.79.199,未备案,常州电信,2019-03-05 02:03:08,
www.hg88.cc,hg88.cc,112.73.79.199,未备案,常州电信,2019-03-05 21:18:23,
www.m6474.com,m6474.com,112.73.79.199,未备案,常州电信,2019-03-05 18:54:09,
922567.com,922567.com,112.73.79.199,未备案,常州电信,2019-03-05 16:12:19,
www.63dydy.com,63dydy.com,112.73.81.175,未备案,常州电信,2019-03-05 23:59:59,
www.6666kt.com,6666kt.com,112.73.81.175,未备案,常州电信,2019-03-05 23:59:54,
www.59ckck.com,59ckck.com,112.73.81.175,未备案,常州电信,2019-03-05 23:58:43,
www.3333dk.com,3333dk.com,112.73.81.175,未备案,常州电信,2019-03-05 23:59:05,
qidianbbc.com,qidianbbc.com,112.73.81.155,未备案,常州电信,2019-03-05 23:59:59,
bjnanhai.org,bjnanhai.org,112.73.81.155,未备案,常州电信,2019-03-05 23:42:07,
www.777000444.com,777000444.com,112.73.81.155,未备案,常州电信,2019-03-05 23:59:37,
www.aoyoso.org,aoyoso.org,112.73.90.223,未备案,常州电信,2019-03-05 18:19:52,
lao1414.com,lao1414.com,112.73.79.184,未备案,常州电信,2019-03-05 01:05:40,
www.90hzyz21.com,90hzyz21.com,112.73.79.184,未备案,常州电信,2019-03-05 05:24:50,
b3933.com,b3933.com,112.73.79.184,未备案,常州电信,2019-03-05 01:00:28,
www.z88111.com,z88111.com,112.73.79.199,未备案,常州电信,2019-03-05 23:41:12,
www.lyw998.com,lyw998.com,112.73.79.184,未备案,常州电信,2019-03-05 00:22:54,
www.38kvkv.com,38kvkv.com,112.73.81.175,未备案,常州电信,2019-03-05 23:58:29,
www.6666zv.com,6666zv.com,112.73.81.175,未备案,常州电信,2019-03-05 23:59:59,
84abab.com,84abab.com,112.73.81.175,未备案,常州电信,2019-03-05 23:58:49,
www.1433128.com,1433128.com,112.73.79.199,未备案,常州电信,2019-03-05 09:52:38,
660605.com,660605.com,112.73.79.184,未备案,常州电信,2019-03-05 00:41:39,
www.17kvkv.com,17kvkv.com,112.73.81.175,未备案,常州电信,2019-03-05 23:58:27,
37tvtv.com,37tvtv.com,112.73.81.175,未备案,常州电信,2019-03-05 23:59:55,
www.lao2115.com,lao2115.com,112.73.79.184,未备案,常州电信,2019-03-05 00:40:29,
15ckck.com,15ckck.com,112.73.81.175,未备案,常州电信,2019-03-05 23:59:59,
1433158.com,1433158.com,112.73.79.199,未备案,常州电信,2019-03-05 10:42:17,
www.52avav.com,52avav.com,112.73.81.175,未备案,常州电信,2019-03-05 23:59:59,
www.19378037.com,19378037.com,112.73.89.182,未备案,常州电信,2019-03-05 20:05:00,
bying920.com,bying920.com,112.73.79.184,未备案,常州电信,2019-03-05 00:44:53,
www.xb8855.com,xb8855.com,112.73.79.199,未备案,常州电信,2019-03-05 11:55:01,
www.lqz555.com,lqz555.com,112.73.79.199,未备案,常州电信,2019-03-05 22:36:31,
wan5555.com,wan5555.com,112.73.79.184,未备案,常州电信,2019-03-05 00:49:15,
s2665.com,s2665.com,112.73.79.184,未备案,常州电信,2019-03-05 00:47:56,
520868.com,520868.com,112.73.79.199,未备案,常州电信,2019-03-05 23:59:59,
m.cf131.com,cf131.com,112.73.81.155,未备案,常州电信,2019-03-05 23:59:59,
999akkf.namebbb123.com,namebbb123.com,112.73.81.175,未备案,常州电信,2019-03-05 11:56:29,
www.bj1096.com,bj1096.com,112.73.81.155,未备案,常州电信,2019-03-05 15:59:30,
www.059sss.com,059sss.com,112.73.79.184,未备案,常州电信,2019-03-05 00:30:43,
wxc1188.com,wxc1188.com,112.73.79.184,未备案,常州电信,2019-03-05 00:11:28,
af1111.com,af1111.com,112.73.81.175,未备案,常州电信,2019-03-05 22:59:39,
543cf.com,543cf.com,112.73.81.175,未备案,常州电信,2019-03-05 23:28:02,
beijing1069.com,beijing1069.com,112.73.81.155,未备案,常州电信,2019-03-05 23:58:40,
www.ppypp.co,ppypp.co,112.73.89.160,未备案,常州电信,2019-03-05 23:59:59,
6635.com,6635.com,112.73.89.203,未备案,常州电信,2019-03-05 06:48:49,
wxc9666.com,wxc9666.com,112.73.79.184,未备案,常州电信,2019-03-05 00:21:54,
www.23us.cc,23us.cc,112.73.79.184,未备案,常州电信,2019-03-05 08:40:19,
www.713.com,713.com,112.73.79.184,未备案,常州电信,2019-03-05 00:19:13,
www.94633d2.com,94633d2.com,112.73.81.155,未备案,常州电信,2019-03-05 23:09:02,
m.77kan.com,77kan.com,112.73.89.244,未备案,常州电信,2019-03-05 23:59:55,
431222.com,431222.com,112.73.81.155,未备案,常州电信,2019-03-05 23:59:54,
www.xb88ff.com,xb88ff.com,112.73.79.199,未备案,常州电信,2019-03-05 20:06:16,
226456.com,226456.com,112.73.79.199,未备案,常州电信,2019-03-05 20:59:30,
saoyawo.com,saoyawo.com,112.73.79.184,未备案,常州电信,2019-03-05 06:07:32,
lhs444.com,lhs444.com,112.73.81.175,未备案,常州电信,2019-03-05 23:55:42,
aqdybv.com,aqdybv.com,112.73.79.184,未备案,常州电信,2019-03-05 08:25:33,
xm802.com,xm802.com,112.73.79.184,未备案,常州电信,2019-03-05 00:15:02,
hh99.me,hh99.me,112.73.81.175,未备案,常州电信,2019-03-05 23:59:59,
7222b.net,7222b.net,112.73.79.184,未备案,常州电信,2019-03-05 00:44:11,
www.405987.com,405987.com,112.73.79.199,未备案,常州电信,2019-03-05 23:37:56,
bying900.com,bying900.com,112.73.79.184,未备案,常州电信,2019-03-05 00:38:42,
www.cbkccc.com,cbkccc.com,112.73.79.184,未备案,常州电信,2019-03-05 07:52:09,
316e.cc,316e.cc,112.73.79.199,未备案,常州电信,2019-03-05 23:56:40,
lao8885.com,lao8885.com,112.73.79.184,未备案,常州电信,2019-03-05 01:12:44,
hg6969.com,hg6969.com,112.73.81.155,未备案,常州电信,2019-03-05 23:53:23,
317.com,317.com,112.73.79.184,未备案,常州电信,2019-03-05 05:55:16,
z88cc.com,z88cc.com,112.73.79.199,未备案,常州电信,2019-03-05 21:02:56,
www.16tvtv.com,16tvtv.com,112.73.81.175,未备案,常州电信,2019-03-05 23:58:28,
beautyleg8.cc,beautyleg8.cc,112.73.81.155,未备案,常州电信,2019-03-05 23:59:45,
www.6474p.com,6474p.com,112.73.79.199,未备案,常州电信,2019-03-05 19:24:19,
11kvkv.com,11kvkv.com,112.73.81.175,未备案,常州电信,2019-03-05 23:59:04,
80500.com,80500.com,112.73.79.199,未备案,常州电信,2019-03-05 23:56:24,
www.3333ke.com,3333ke.com,112.73.81.175,未备案,常州电信,2019-03-05 23:16:21,
127768.com,127768.com,112.73.79.199,未备案,常州电信,2019-03-05 19:39:32,
gycp21.com,gycp21.com,112.73.79.199,未备案,常州电信,2019-03-05 03:59:29,
65869.dfcms.net,dfcms.net,112.73.90.232,未备案,常州电信,2019-03-05 23:42:05,
wxc5115.com,wxc5115.com,112.73.79.184,未备案,常州电信,2019-03-05 01:12:11,
713.com,713.com,112.73.79.184,未备案,常州电信,2019-03-05 00:19:13,
hg938.com,hg938.com,112.73.79.199,未备案,常州电信,2019-03-05 18:16:11,
m.hg6969bb.com,hg6969bb.com,112.73.89.242,未备案,常州电信,2019-03-05 23:31:32,
ccyawo.com,ccyawo.com,112.73.79.184,未备案,常州电信,2019-03-05 06:28:07,
www.sc222.com,sc222.com,112.73.79.199,未备案,常州电信,2019-03-05 22:37:47,
2287.com,2287.com,112.73.79.184,未备案,常州电信,2019-03-05 00:16:54,
www.hg126a.com,hg126a.com,112.73.79.199,未备案,常州电信,2019-03-05 20:07:24,
www.3589001.com,3589001.com,112.73.79.199,未备案,常州电信,2019-03-05 22:26:52,
www.989555.com,989555.com,112.73.79.199,未备案,常州电信,2019-03-05 23:50:26,
91221.com,91221.com,112.73.79.199,未备案,常州电信,2019-03-05 23:59:21,
gogogo.m.kousou.cc,kousou.cc,112.73.89.244,未备案,常州电信,2019-03-05 10:39:46,
qiqi321.com,qiqi321.com,112.73.89.244,未备案,常州电信,2019-03-05 23:59:18,
www.12kvkv.com,12kvkv.com,112.73.81.175,未备案,常州电信,2019-03-05 23:58:53,
www.ddtv44.com,ddtv44.com,112.73.81.175,未备案,常州电信,2019-03-05 23:56:24,
www.19tvtv.com,19tvtv.com,112.73.81.175,未备案,常州电信,2019-03-05 23:59:38,
www.599528.com,599528.com,112.73.79.199,未备案,常州电信,2019-03-05 20:40:40,
www.336688i.com,336688i.com,112.73.79.199,未备案,常州电信,2019-03-05 06:53:48,
czx11.com,czx11.com,112.73.79.199,未备案,常州电信,2019-03-05 16:20:56,
588f.com,588f.com,112.73.79.184,未备案,常州电信,2019-03-05 00:50:35,
www.12ckck.com,12ckck.com,112.73.81.175,未备案,常州电信,2019-03-05 23:59:59,
wwww.h539.com,h539.com,112.73.79.199,未备案,常州电信,2019-03-05 23:43:58,
yyyywo.com,yyyywo.com,112.73.79.184,未备案,常州电信,2019-03-05 02:57:55,
www.90323.com,90323.com,112.73.79.199,未备案,常州电信,2019-03-05 23:59:09,
bk1111.com,bk1111.com,112.73.81.175,未备案,常州电信,2019-03-05 23:54:08,
www.1433158.com,1433158.com,112.73.79.199,未备案,常州电信,2019-03-05 10:42:17,
www.608567.com,608567.com,112.73.79.199,未备案,常州电信,2019-03-05 20:48:13,
52avav.com,52avav.com,112.73.81.175,未备案,常州电信,2019-03-05 23:59:59,
www.z88333.com,z88333.com,112.73.79.199,未备案,常州电信,2019-03-05 23:47:33,
www.z88222.com,z88222.com,112.73.79.199,未备案,常州电信,2019-03-05 23:41:04,
www.ked9.com,ked9.com,112.73.81.155,未备案,常州电信,2019-03-05 23:59:59,
www.yaavav.com,yaavav.com,112.73.79.184,未备案,常州电信,2019-03-05 00:17:35,
www.vnsr6788.com,vnsr6788.com,112.73.79.184,未备案,常州电信,2019-03-05 01:21:13,
nztd17.com,nztd17.com,112.73.81.155,未备案,常州电信,2019-03-05 23:59:54,
www.bk2222.com,bk2222.com,112.73.81.175,未备案,常州电信,2019-03-05 23:56:05,
www.9999xz.com,9999xz.com,112.73.81.175,未备案,常州电信,2019-03-05 23:59:59,
www.4444kp.com,4444kp.com,112.73.81.175,未备案,常州电信,2019-03-05 23:59:59,
www.gycp03.com,gycp03.com,112.73.79.199,未备案,常州电信,2019-03-05 15:27:34,
w6322.com,w6322.com,112.73.79.184,未备案,常州电信,2019-03-05 00:52:49,
www.1433123.com,1433123.com,112.73.79.199,未备案,常州电信,2019-03-05 21:05:22,
78788.com,78788.com,112.73.79.199,未备案,常州电信,2019-03-05 23:54:59,
www.it-home.org,it-home.org,112.73.81.155,未备案,常州电信,2019-03-05 23:59:59,
www.bmwen.com,bmwen.com,112.73.90.197,未备案,常州电信,2019-03-05 18:01:19,
www.xed113.com,xed113.com,112.73.79.184,未备案,常州电信,2019-03-05 00:13:52,
bk5555.com,bk5555.com,112.73.81.175,未备案,常州电信,2019-03-05 23:59:21,
www.3333xz.com,3333xz.com,112.73.81.175,未备案,常州电信,2019-03-05 23:56:14,
14333c.com,14333c.com,112.73.79.199,未备案,常州电信,2019-03-05 23:55:13,
www.5555ym.com,5555ym.com,112.73.81.175,未备案,常州电信,2019-03-05 23:59:59,
pj88867.com,pj88867.com,112.73.79.199,未备案,常州电信,2019-03-05 05:58:43,
www.xh999.com,xh999.com,112.73.90.223,未备案,常州电信,2019-03-05 00:57:52,
www.dwj12.com,dwj12.com,112.73.79.184,未备案,常州电信,2019-03-05 00:57:56,
www.lulu777.com,lulu777.com,112.73.79.199,未备案,常州电信,2019-03-05 23:57:23,
www.hg16666.com,hg16666.com,112.73.79.199,未备案,常州电信,2019-03-05 23:54:56,
www.1133sds.com,1133sds.com,112.73.81.175,未备案,常州电信,2019-03-05 23:59:59,
www.6666ae.com,6666ae.com,112.73.81.175,未备案,常州电信,2019-03-05 23:59:13,
www.48dydy.com,48dydy.com,112.73.81.175,未备案,常州电信,2019-03-05 23:59:52,
43ckck.com,43ckck.com,112.73.81.175,未备案,常州电信,2019-03-05 23:59:59,
www.6666ke.com,6666ke.com,112.73.81.175,未备案,常州电信,2019-03-05 23:59:59,
28tvtv.com,28tvtv.com,112.73.81.175,未备案,常州电信,2019-03-05 23:59:59,
www.6666xe.com,6666xe.com,112.73.81.175,未备案,常州电信,2019-03-05 23:59:59,
2222ak.com,2222ak.com,112.73.81.175,未备案,常州电信,2019-03-05 23:59:59,
www.49975.com,49975.com,112.73.81.155,未备案,常州电信,2019-03-05 23:58:42,
www.ddtv37.com,ddtv37.com,112.73.81.175,未备案,常州电信,2019-03-05 23:59:59,
www.d5228.com,d5228.com,112.73.79.184,未备案,常州电信,2019-03-05 00:58:02,
www.660006.com,660006.com,112.73.79.184,未备案,常州电信,2019-03-05 05:21:25,
www.30tvtv.com,30tvtv.com,112.73.81.175,未备案,常州电信,2019-03-05 23:59:39,
www.28tvtv.com,28tvtv.com,112.73.81.175,未备案,常州电信,2019-03-05 23:59:59,
www.2222kp.com,2222kp.com,112.73.81.175,未备案,常州电信,2019-03-05 23:59:59,
www.6474a.com,6474a.com,112.73.79.199,未备案,常州电信,2019-03-05 23:13:24,
jnh8886.com,jnh8886.com,112.73.79.184,未备案,常州电信,2019-03-05 00:15:21,
www.jur1.com,jur1.com,112.73.79.184,未备案,常州电信,2019-03-05 01:09:28,
lhs999.com,lhs999.com,112.73.81.175,未备案,常州电信,2019-03-05 23:59:09,
www.y9979.com,y9979.com,112.73.79.199,未备案,常州电信,2019-03-05 22:13:22,
931018.com,931018.com,112.73.79.199,未备案,常州电信,2019-03-05 20:32:48,
www.122768.com,122768.com,112.73.79.199,未备案,常州电信,2019-03-05 23:28:14,
3589001.com,3589001.com,112.73.79.199,未备案,常州电信,2019-03-05 22:26:52,
www.5531234.com,5531234.com,112.73.79.199,未备案,常州电信,2019-03-05 02:03:12,
www.bying900.com,bying900.com,112.73.79.184,未备案,常州电信,2019-03-05 00:38:42,
33tvtv.com,33tvtv.com,112.73.81.175,未备案,常州电信,2019-03-05 23:59:59,
www.tjmh03.com,tjmh03.com,112.73.79.199,未备案,常州电信,2019-03-05 22:17:13,
www.xxoodizhi.com,xxoodizhi.com,112.73.79.184,未备案,常州电信,2019-03-05 00:38:01,
www.halihali.cc,halihali.cc,112.73.89.160,未备案,常州电信,2019-03-05 23:16:59,
www.7777et.com,7777et.com,112.73.81.175,未备案,常州电信,2019-03-05 23:59:50,
bbs.ok226.com,ok226.com,112.73.79.199,未备案,常州电信,2019-03-05 23:56:20,
109768.com,109768.com,112.73.79.199,未备案,常州电信,2019-03-05 21:23:24,
543ap.com,543ap.com,112.73.81.175,未备案,常州电信,2019-03-05 23:54:18,
www.35433.com,35433.com,112.73.79.199,未备案,常州电信,2019-03-05 23:41:41,
www.229907.com,229907.com,112.73.79.184,未备案,常州电信,2019-03-05 04:19:20,
5555zm.com,5555zm.com,112.73.81.175,未备案,常州电信,2019-03-05 23:56:51,
www.wowoav.com,wowoav.com,112.73.79.184,未备案,常州电信,2019-03-05 07:38:15,
www.23kvkv.com,23kvkv.com,112.73.81.175,未备案,常州电信,2019-03-05 23:58:38,
aqdybb.com,aqdybb.com,112.73.79.184,未备案,常州电信,2019-03-05 07:38:45,
14333b.com,14333b.com,112.73.79.199,未备案,常州电信,2019-03-05 23:52:39,
www.39dydy.com,39dydy.com,112.73.81.175,未备案,常州电信,2019-03-05 23:59:47,
m.108655.com,108655.com,112.73.79.199,未备案,常州电信,2019-03-05 17:11:48,
xb88ff.com,xb88ff.com,112.73.79.199,未备案,常州电信,2019-03-05 20:06:16,
www.m30999.com,m30999.com,112.73.79.184,未备案,常州电信,2019-03-05 00:31:39,
www.tai33333.com,tai33333.com,112.73.79.199,未备案,常州电信,2019-03-05 22:39:56,
www.4444zk.com,4444zk.com,112.73.81.175,未备案,常州电信,2019-03-05 23:59:59,
www.14333p.com,14333p.com,112.73.79.199,未备案,常州电信,2019-03-05 21:07:10,
www.33tvtv.com,33tvtv.com,112.73.81.175,未备案,常州电信,2019-03-05 23:59:59,
www.184944.com,184944.com,112.73.79.199,未备案,常州电信,2019-03-05 20:11:19,
www.069768.com,069768.com,112.73.79.199,未备案,常州电信,2019-03-05 20:07:47,
273bt.com,273bt.com,112.73.89.160,未备案,常州电信,2019-03-05 23:59:19,
www.8sbc.com,8sbc.com,112.73.79.199,未备案,常州电信,2019-03-05 20:43:44,
b67222.com,b67222.com,112.73.79.184,未备案,常州电信,2019-03-05 00:22:08,
www.5555zv.com,5555zv.com,112.73.81.175,未备案,常州电信,2019-03-05 23:59:48,
www.888tk.com,888tk.com,112.73.79.199,未备案,常州电信,2019-03-05 23:53:30,
www.bk3333.com,bk3333.com,112.73.81.175,未备案,常州电信,2019-03-05 23:59:38,
www.866577c.com,866577c.com,112.73.79.199,未备案,常州电信,2019-03-05 23:51:32,
www.39tvtv.com,39tvtv.com,112.73.81.175,未备案,常州电信,2019-03-05 23:59:59,
www.49kvkv.com,49kvkv.com,112.73.81.175,未备案,常州电信,2019-03-05 23:59:59,
99suncity.com,99suncity.com,112.73.79.199,未备案,常州电信,2019-03-05 20:58:57,
z88666.com,z88666.com,112.73.79.199,未备案,常州电信,2019-03-05 21:23:31,
www.caobike.com,caobike.com,112.73.79.184,未备案,常州电信,2019-03-05 01:38:03,
www.5ty3.com,5ty3.com,112.73.79.184,未备案,常州电信,2019-03-05 00:40:41,
www.3333xe.com,3333xe.com,112.73.81.175,未备案,常州电信,2019-03-05 23:59:59,
www.jrwp.org,jrwp.org,112.73.81.155,未备案,常州电信,2019-03-05 23:51:42,
www.yy4138.com,yy4138.com,112.73.81.155,未备案,常州电信,2019-03-05 09:03:10,
www.6666et.com,6666et.com,112.73.81.175,未备案,常州电信,2019-03-05 23:59:59,
www.biquge.la,biquge.la,112.73.79.184,未备案,常州电信,2019-03-05 08:35:52,
www.336677.com,336677.com,112.73.79.184,未备案,常州电信,2019-03-05 04:33:15,
www.961016.com,961016.com,112.73.79.199,未备案,常州电信,2019-03-05 22:54:59,
www.138666.com,138666.com,112.73.79.199,未备案,常州电信,2019-03-05 23:52:00,
www.nztdsm17.com,nztdsm17.com,112.73.81.155,未备案,常州电信,2019-03-05 23:59:42,
www.mazigu.com,mazigu.com,112.73.79.184,未备案,常州电信,2019-03-05 01:02:02,
www.czx6666.com,czx6666.com,112.73.79.199,未备案,常州电信,2019-03-05 22:26:58,
www.smhom.com,smhom.com,112.73.89.160,未备案,常州电信,2019-03-05 23:58:24,
www.z88488.com,z88488.com,112.73.79.199,未备案,常州电信,2019-03-05 17:30:59,
ygcp111.com,ygcp111.com,112.73.79.184,未备案,常州电信,2019-03-05 04:39:22,
www.ptpt138.com,ptpt138.com,112.73.79.184,未备案,常州电信,2019-03-05 00:16:07,
www.4444zn.com,4444zn.com,112.73.81.175,未备案,常州电信,2019-03-05 23:59:59,
www.2222zk.com,2222zk.com,112.73.81.175,未备案,常州电信,2019-03-05 23:59:59,
www.f6474.com,f6474.com,112.73.79.199,未备案,常州电信,2019-03-05 20:39:40,
www.53avav.com,53avav.com,112.73.81.175,未备案,常州电信,2019-03-05 23:59:59,
www.15ckck.com,15ckck.com,112.73.81.175,未备案,常州电信,2019-03-05 23:59:59,
www.5555af.com,5555af.com,112.73.81.175,未备案,常州电信,2019-03-05 23:59:59,
www.beautyleg1.com,beautyleg1.com,112.73.81.155,未备案,常州电信,2019-03-05 23:43:55,
appyawo.com,appyawo.com,112.73.79.184,未备案,常州电信,2019-03-05 07:10:36,
www.80500.com,80500.com,112.73.79.199,未备案,常州电信,2019-03-05 23:56:24,
www.mmm713.com,mmm713.com,112.73.79.184,未备案,常州电信,2019-03-05 01:03:11,
www.37dydy.com,37dydy.com,112.73.81.175,未备案,常州电信,2019-03-05 23:58:54,
nztdsm.com,nztdsm.com,112.73.81.155,未备案,常州电信,2019-03-05 23:55:51,
www.wxc4444.com,wxc4444.com,112.73.79.184,未备案,常州电信,2019-03-05 01:07:07,
7494888.com,7494888.com,112.73.79.184,未备案,常州电信,2019-03-05 07:25:25,
www.5555ah.com,5555ah.com,112.73.81.175,未备案,常州电信,2019-03-05 23:59:59,
6666sds.com,6666sds.com,112.73.81.175,未备案,常州电信,2019-03-05 23:59:56,
2222bx.com,2222bx.com,112.73.81.175,未备案,常州电信,2019-03-05 23:59:59,
xed117.com,xed117.com,112.73.79.184,未备案,常州电信,2019-03-05 00:40:38,
333sb.com,333sb.com,112.73.79.199,未备案,常州电信,2019-03-05 18:47:02,
62dydy.com,62dydy.com,112.73.81.175,未备案,常州电信,2019-03-05 23:59:51,
www.js7474.com,js7474.com,112.73.79.199,未备案,常州电信,2019-03-05 12:41:53,
www.91949.com,91949.com,112.73.79.199,未备案,常州电信,2019-03-05 23:30:03,
ay.cdn2019.xyz,cdn2019.xyz,112.73.90.223,未备案,常州电信,2019-03-05 04:36:04,
16akak.com,16akak.com,112.73.81.175,未备案,常州电信,2019-03-05 23:59:59,
www.328567.com,328567.com,112.73.79.199,未备案,常州电信,2019-03-05 20:15:11,
www.77158c.com,77158c.com,112.73.79.199,未备案,常州电信,2019-03-05 22:10:58,
www.8844cb.com,8844cb.com,112.73.81.175,未备案,常州电信,2019-03-05 23:59:27,
www.5555ez.com,5555ez.com,112.73.81.175,未备案,常州电信,2019-03-05 23:59:58,
www.4444qa.com,4444qa.com,112.73.81.175,未备案,常州电信,2019-03-05 23:59:59,
www.tutaow.com,tutaow.com,112.73.89.160,未备案,常州电信,2019-03-05 23:59:16,
lao9797.com,lao9797.com,112.73.79.184,未备案,常州电信,2019-03-05 00:38:27,
5555aw.com,5555aw.com,112.73.81.175,未备案,常州电信,2019-03-05 23:59:59,
www.3424433.com,3424433.com,112.73.79.184,未备案,常州电信,2019-03-05 00:50:35,
102768.com,102768.com,112.73.79.199,未备案,常州电信,2019-03-05 20:12:47,
gycp20.com,gycp20.com,112.73.79.199,未备案,常州电信,2019-03-05 19:29:05,
3589.com,3589.com,112.73.79.199,未备案,常州电信,2019-03-05 23:06:00,
hg5509.com,hg5509.com,112.73.79.199,未备案,常州电信,2019-03-05 20:31:48,
www.jr605.com,jr605.com,112.73.79.184,未备案,常州电信,2019-03-05 00:49:24,
cbk11.com,cbk11.com,112.73.79.184,未备案,常州电信,2019-03-05 07:56:17,
174555.com,174555.com,112.73.81.155,未备案,常州电信,2019-03-05 23:59:50,
wxc6665.com,wxc6665.com,112.73.79.184,未备案,常州电信,2019-03-05 00:40:32,
laoyapo.com,laoyapo.com,112.73.79.184,未备案,常州电信,2019-03-05 08:05:49,
yaavav.com,yaavav.com,112.73.79.184,未备案,常州电信,2019-03-05 00:17:35,
www.77kan.com,77kan.com,112.73.89.244,未备案,常州电信,2019-03-05 23:59:55,
m.qiqi321.com,qiqi321.com,112.73.89.244,未备案,常州电信,2019-03-05 23:59:18,
www.cbk11.com,cbk11.com,112.73.79.184,未备案,常州电信,2019-03-05 07:56:17,
143369.com,143369.com,112.73.79.199,未备案,常州电信,2019-03-05 21:07:18,
5345h.com,5345h.com,112.73.79.184,未备案,常州电信,2019-03-05 00:37:38,
www.4444kt.com,4444kt.com,112.73.81.175,未备案,常州电信,2019-03-05 23:59:54,
www.hg5509.com,hg5509.com,112.73.79.199,未备案,常州电信,2019-03-05 20:31:48,
www.6666sds.com,6666sds.com,112.73.81.175,未备案,常州电信,2019-03-05 23:59:56,
www.90hzyz25.com,90hzyz25.com,112.73.79.184,未备案,常州电信,2019-03-05 01:16:46,
www.93765.com,93765.com,112.73.79.199,未备案,常州电信,2019-03-05 19:14:43,
061768.com,061768.com,112.73.79.199,未备案,常州电信,2019-03-05 20:07:27,
3151666.com,3151666.com,112.73.79.199,未备案,常州电信,2019-03-05 11:15:01,
www.28kvkv.com,28kvkv.com,112.73.81.175,未备案,常州电信,2019-03-05 23:49:45,
www.nztdsm16.com,nztdsm16.com,112.73.81.155,未备案,常州电信,2019-03-05 23:59:59,
avyawo.com,avyawo.com,112.73.79.184,未备案,常州电信,2019-03-05 05:41:05,
www.7777zk.com,7777zk.com,112.73.81.175,未备案,常州电信,2019-03-05 23:59:55,
a14333.com,a14333.com,112.73.79.199,未备案,常州电信,2019-03-05 03:13:24,
93492.com,93492.com,112.73.81.155,未备案,常州电信,2019-03-05 23:58:58,
www.909255.com,909255.com,112.73.79.184,未备案,常州电信,2019-03-05 00:22:42,
www.xb88.live,xb88.live,112.73.79.199,未备案,常州电信,2019-03-05 18:08:47,
49kvkv.com,49kvkv.com,112.73.81.175,未备案,常州电信,2019-03-05 23:59:59,
www.ywb1.com,ywb1.com,112.73.79.184,未备案,常州电信,2019-03-05 07:47:00,
wwwcomcn.cc,wwwcomcn.cc,112.73.81.155,未备案,常州电信,2019-03-05 23:59:21,
77kan.com,77kan.com,112.73.89.244,未备案,常州电信,2019-03-05 23:59:55,
www.laoyawoav.com,laoyawoav.com,112.73.79.184,未备案,常州电信,2019-03-05 02:13:32,
www.guo400.com,guo400.com,112.73.79.184,未备案,常州电信,2019-03-05 00:42:04,
www.94633d3.com,94633d3.com,112.73.81.155,未备案,常州电信,2019-03-05 23:38:15,
www.c14333.com,c14333.com,112.73.79.199,未备案,常州电信,2019-03-05 23:58:11,
www.bu3333.com,bu3333.com,112.73.81.175,未备案,常州电信,2019-03-05 23:32:23,
www.1111kf.com,1111kf.com,112.73.81.175,未备案,常州电信,2019-03-05 23:59:59,
www.cbkav.com,cbkav.com,112.73.79.184,未备案,常州电信,2019-03-05 01:13:05,
www.caobcaob.com,caobcaob.com,112.73.79.199,未备案,常州电信,2019-03-05 23:23:02,
8456a.com,8456a.com,112.73.79.184,未备案,常州电信,2019-03-05 08:08:31,
www.6474g.com,6474g.com,112.73.79.199,未备案,常州电信,2019-03-05 16:31:57,
pcyaav.com,pcyaav.com,112.73.79.184,未备案,常州电信,2019-03-05 02:25:18,
www.a6474.com,a6474.com,112.73.79.199,未备案,常州电信,2019-03-05 22:51:00,
9912.com,9912.com,112.73.79.199,未备案,常州电信,2019-03-05 23:54:30,
c6474.com,c6474.com,112.73.79.199,未备案,常州电信,2019-03-05 16:39:12,
www.5555kp.com,5555kp.com,112.73.81.175,未备案,常州电信,2019-03-05 23:59:59,
www.38tvtv.com,38tvtv.com,112.73.81.175,未备案,常州电信,2019-03-05 23:59:37,
9999xz.com,9999xz.com,112.73.81.175,未备案,常州电信,2019-03-05 23:59:59,
www.lulushe.com,lulushe.com,112.73.79.199,未备案,常州电信,2019-03-05 23:59:23,
www.4444ez.com,4444ez.com,112.73.81.175,未备案,常州电信,2019-03-05 23:59:59,
www.6666bx.com,6666bx.com,112.73.81.175,未备案,常州电信,2019-03-05 23:54:37,
72dydy.com,72dydy.com,112.73.81.175,未备案,常州电信,2019-03-05 23:59:59,
www.62dydy.com,62dydy.com,112.73.81.175,未备案,常州电信,2019-03-05 23:59:51,
laohuav.com,laohuav.com,112.73.79.184,未备案,常州电信,2019-03-05 00:22:46,
www.lhs333.com,lhs333.com,112.73.81.175,未备案,常州电信,2019-03-05 23:59:15,
www.5558687.com,5558687.com,112.73.81.155,未备案,常州电信,2019-03-05 22:49:58,
gogogo3.kousou.cc,kousou.cc,112.73.89.244,未备案,常州电信,2019-03-05 10:39:46,
44kj.com,44kj.com,112.73.79.199,未备案,常州电信,2019-03-05 23:31:43,
www.9999kt.com,9999kt.com,112.73.81.175,未备案,常州电信,2019-03-05 23:58:56,
www.25ckck.com,25ckck.com,112.73.81.175,未备案,常州电信,2019-03-05 23:59:59,
u6474.com,u6474.com,112.73.79.199,未备案,常州电信,2019-03-05 23:33:08,
www.bk5555.com,bk5555.com,112.73.81.175,未备案,常州电信,2019-03-05 23:59:21,
www.txjy.cc,txjy.cc,112.73.81.155,未备案,常州电信,2019-03-05 23:59:45,
1433129.com,1433129.com,112.73.79.199,未备案,常州电信,2019-03-05 15:12:23,
wxc2119.com,wxc2119.com,112.73.79.184,未备案,常州电信,2019-03-05 00:56:15,
lhs1313.com,lhs1313.com,112.73.81.175,未备案,常州电信,2019-03-05 23:58:55,
t6474.com,t6474.com,112.73.79.199,未备案,常州电信,2019-03-05 23:33:07,
xindz33.com,xindz33.com,112.73.81.175,未备案,常州电信,2019-03-05 23:59:55,
www.3333kp.com,3333kp.com,112.73.81.175,未备案,常州电信,2019-03-05 23:59:59,
m.35055.com,35055.com,112.73.79.184,未备案,常州电信,2019-03-05 00:52:51,
346966.com,346966.com,112.73.79.199,未备案,常州电信,2019-03-05 23:01:33,
www.317.com,317.com,112.73.79.184,未备案,常州电信,2019-03-05 05:55:16,
www.97kp.cc,97kp.cc,112.73.89.160,未备案,常州电信,2019-03-05 23:59:00,
www.mgm1058.com,mgm1058.com,112.73.79.184,未备案,常州电信,2019-03-05 01:03:47,
www.6666kf.com,6666kf.com,112.73.81.175,未备案,常州电信,2019-03-05 23:59:59,
www.999150.com,999150.com,112.73.81.155,未备案,常州电信,2019-03-05 23:55:26,
273789.com,273789.com,112.73.79.199,未备案,常州电信,2019-03-05 22:27:51,
www.zhizhuso.com,zhizhuso.com,112.73.79.199,未备案,常州电信,2019-03-05 01:04:42,
www.866577a.com,866577a.com,112.73.79.199,未备案,常州电信,2019-03-05 23:59:59,
www.b6355.com,b6355.com,112.73.79.184,未备案,常州电信,2019-03-05 06:55:16,
xb88bb.com,xb88bb.com,112.73.79.199,未备案,常州电信,2019-03-05 13:00:53,
060768.com,060768.com,112.73.79.199,未备案,常州电信,2019-03-05 23:45:49,
18tvtv.com,18tvtv.com,112.73.81.175,未备案,常州电信,2019-03-05 23:59:17,
m.001banzhu.com,001banzhu.com,112.73.89.160,未备案,常州电信,2019-03-05 23:54:34,
www.125768.com,125768.com,112.73.79.199,未备案,常州电信,2019-03-05 23:41:15,
12tvtv.com,12tvtv.com,112.73.81.175,未备案,常州电信,2019-03-05 23:59:59,
09277555.com,09277555.com,112.73.79.184,未备案,常州电信,2019-03-05 01:13:14,
www.5118.com,5118.com,112.73.64.101,未备案,常州电信,2019-03-05 06:14:47,
gogogo.kousou.cc,kousou.cc,112.73.89.244,未备案,常州电信,2019-03-05 10:39:46,
www.4444xe.com,4444xe.com,112.73.81.175,未备案,常州电信,2019-03-05 23:59:59,
www.caocao22.com,caocao22.com,112.73.79.199,未备案,常州电信,2019-03-05 19:45:17,
www.75dydy.com,75dydy.com,112.73.81.175,未备案,常州电信,2019-03-05 23:59:59,
www.41667b.com,41667b.com,112.73.79.184,未备案,常州电信,2019-03-05 01:18:21,
www.77158a.com,77158a.com,112.73.79.199,未备案,常州电信,2019-03-05 23:04:35,
www.appyawo.com,appyawo.com,112.73.79.184,未备案,常州电信,2019-03-05 07:10:36,
5017004.com,5017004.com,112.73.79.184,未备案,常州电信,2019-03-05 01:16:49,
3172277.com,3172277.com,112.73.79.184,未备案,常州电信,2019-03-05 00:36:34,
www.000xjj.com,000xjj.com,112.73.81.175,未备案,常州电信,2019-03-05 23:45:44,
tjmh06.com,tjmh06.com,112.73.79.199,未备案,常州电信,2019-03-05 14:01:59,
m.77kp.com,77kp.com,112.73.89.244,未备案,常州电信,2019-03-05 23:59:59,
www.sousi88.cc,sousi88.cc,112.73.81.155,未备案,常州电信,2019-03-05 23:59:55,
www.59dydy.com,59dydy.com,112.73.81.175,未备案,常州电信,2019-03-05 23:59:59,
931017.com,931017.com,112.73.79.199,未备案,常州电信,2019-03-05 20:22:54,
www.29tvtv.com,29tvtv.com,112.73.81.175,未备案,常州电信,2019-03-05 23:59:59,
z88588.com,z88588.com,112.73.79.199,未备案,常州电信,2019-03-05 21:28:50,
www.tjmh04.com,tjmh04.com,112.73.79.199,未备案,常州电信,2019-03-05 23:28:28,
www.84abab.com,84abab.com,112.73.81.175,未备案,常州电信,2019-03-05 23:58:49,
www.257678.com,257678.com,112.73.79.199,未备案,常州电信,2019-03-05 20:15:35,
www.399899.com,399899.com,112.73.81.155,未备案,常州电信,2019-03-05 23:54:53,
3333zw.com,3333zw.com,112.73.81.175,未备案,常州电信,2019-03-05 23:59:53,
www.19pcpc.com,19pcpc.com,112.73.81.175,未备案,常州电信,2019-03-05 23:59:30,
www.3366cb.com,3366cb.com,112.73.81.175,未备案,常州电信,2019-03-05 23:59:55,
www.15yc.com,15yc.com,112.73.89.160,未备案,常州电信,2019-03-05 23:57:26,
8456yy.com,8456yy.com,112.73.79.184,未备案,常州电信,2019-03-05 01:11:39,
www.9999kf.com,9999kf.com,112.73.81.175,未备案,常州电信,2019-03-05 23:59:43,
www.tx535.com,tx535.com,112.73.79.199,未备案,常州电信,2019-03-05 23:55:35,
www.fgm999.com,fgm999.com,112.73.79.184,未备案,常州电信,2019-03-05 01:16:31,
88tk.cc,88tk.cc,112.73.79.199,未备案,常州电信,2019-03-05 23:52:32,
www.wxc0115.com,wxc0115.com,112.73.79.184,未备案,常州电信,2019-03-05 00:03:27,
3122y.com,3122y.com,112.73.79.184,未备案,常州电信,2019-03-05 04:27:13,
xb88ee.com,xb88ee.com,112.73.79.199,未备案,常州电信,2019-03-05 18:46:43,
lhs333.com,lhs333.com,112.73.81.175,未备案,常州电信,2019-03-05 23:59:15,
www.8455.com,8455.com,112.73.79.184,未备案,常州电信,2019-03-05 00:27:30,
www.18akak.com,18akak.com,112.73.81.175,未备案,常州电信,2019-03-05 23:59:36,
www.cbkaae.com,cbkaae.com,112.73.79.184,未备案,常州电信,2019-03-05 02:09:57,
3172255.com,3172255.com,112.73.79.184,未备案,常州电信,2019-03-05 00:50:35,
www.5555xe.com,5555xe.com,112.73.81.175,未备案,常州电信,2019-03-05 23:59:59,
www.74dydy.com,74dydy.com,112.73.81.175,未备案,常州电信,2019-03-05 23:59:57,
www.avyawo.com,avyawo.com,112.73.79.184,未备案,常州电信,2019-03-05 05:41:05,
www.xed2229.com,xed2229.com,112.73.79.184,未备案,常州电信,2019-03-05 06:06:37,
www.hg0001.com,hg0001.com,112.73.79.199,未备案,常州电信,2019-03-05 20:50:14,
www.18tvtv.com,18tvtv.com,112.73.81.175,未备案,常州电信,2019-03-05 23:59:17,
www.8585msc.com,8585msc.com,112.73.79.199,未备案,常州电信,2019-03-05 19:55:55,
www.14akak.com,14akak.com,112.73.81.175,未备案,常州电信,2019-03-05 23:59:48,
www.1111xe.com,1111xe.com,112.73.81.175,未备案,常州电信,2019-03-05 23:59:59,
www.57avav.com,57avav.com,112.73.81.175,未备案,常州电信,2019-03-05 23:59:59,
www.059p.cc,059p.cc,112.73.79.184,未备案,常州电信,2019-03-05 00:16:57,
www.dun116.com,dun116.com,112.73.79.184,未备案,常州电信,2019-03-05 00:09:55,
www.aoyoso.me,aoyoso.me,112.73.90.223,未备案,常州电信,2019-03-05 18:20:13,
6474o.com,6474o.com,112.73.79.199,未备案,常州电信,2019-03-05 03:25:38,
www.3333ah.com,3333ah.com,112.73.81.175,未备案,常州电信,2019-03-05 23:59:59,
www.dun108.com,dun108.com,112.73.79.184,未备案,常州电信,2019-03-05 08:34:36,
www.lao5000.com,lao5000.com,112.73.79.184,未备案,常州电信,2019-03-05 00:10:02,
lhs1414.com,lhs1414.com,112.73.81.175,未备案,常州电信,2019-03-05 23:59:59,
www.46kvkv.com,46kvkv.com,112.73.81.175,未备案,常州电信,2019-03-05 23:55:35,
tv1111.com,tv1111.com,112.73.81.175,未备案,常州电信,2019-03-05 23:56:04,
m.js901.com,js901.com,112.73.79.199,未备案,常州电信,2019-03-05 20:42:58,
45589.com,45589.com,112.73.79.199,未备案,常州电信,2019-03-05 23:59:55,
www.64dydy.com,64dydy.com,112.73.81.175,未备案,常州电信,2019-03-05 23:59:53,
www.336688c.com,336688c.com,112.73.79.199,未备案,常州电信,2019-03-05 22:44:36,
www.cbkhhh.com,cbkhhh.com,112.73.79.184,未备案,常州电信,2019-03-05 00:44:59,
www.tyc2886.com,tyc2886.com,112.73.79.184,未备案,常州电信,2019-03-05 00:51:27,
hg280.com,hg280.com,112.73.79.199,未备案,常州电信,2019-03-05 21:39:22,
134644.com,134644.com,112.73.79.199,未备案,常州电信,2019-03-05 22:30:23,
www.2222ez.com,2222ez.com,112.73.81.175,未备案,常州电信,2019-03-05 23:59:42,
www.45589.com,45589.com,112.73.79.199,未备案,常州电信,2019-03-05 23:59:55,
nztdsm17.com,nztdsm17.com,112.73.81.155,未备案,常州电信,2019-03-05 23:59:42,
www.69dydy.com,69dydy.com,112.73.81.175,未备案,常州电信,2019-03-05 23:59:03,
744000.com,744000.com,112.73.81.155,未备案,常州电信,2019-03-05 23:58:00,
www.6666qe.com,6666qe.com,112.73.81.175,未备案,常州电信,2019-03-05 23:59:59,
wxc012.com,wxc012.com,112.73.79.184,未备案,常州电信,2019-03-05 00:42:27,
4444bx.com,4444bx.com,112.73.81.175,未备案,常州电信,2019-03-05 23:59:59,
4166.com,4166.com,112.73.79.184,未备案,常州电信,2019-03-05 07:50:16,
www.076768.com,076768.com,112.73.79.199,未备案,常州电信,2019-03-05 08:03:56,
www.889933.com,889933.com,112.73.81.155,未备案,常州电信,2019-03-05 23:58:42,
www.aoyoso.com,aoyoso.com,112.73.90.223,未备案,常州电信,2019-03-05 18:20:12,
www.179.net,179.net,112.73.79.184,未备案,常州电信,2019-03-05 01:04:54,
www.57dydy.com,57dydy.com,112.73.81.175,未备案,常州电信,2019-03-05 23:59:32,
bj1069.com,bj1069.com,112.73.81.155,未备案,常州电信,2019-03-05 23:59:27,
www.4466cb.com,4466cb.com,112.73.81.175,未备案,常州电信,2019-03-05 23:59:59,
lao1144.com,lao1144.com,112.73.79.184,未备案,常州电信,2019-03-05 01:09:29,
www.65dydy.com,65dydy.com,112.73.81.175,未备案,常州电信,2019-03-05 23:59:53,
www.hh22.me,hh22.me,112.73.81.175,未备案,常州电信,2019-03-05 23:59:59,
www.aa059.com,aa059.com,112.73.79.184,未备案,常州电信,2019-03-05 00:30:13,
cb5.me,cb5.me,112.73.81.175,未备案,常州电信,2019-03-05 23:59:59,
9999zk.com,9999zk.com,112.73.81.175,未备案,常州电信,2019-03-05 23:59:59,
hg345.com,hg345.com,112.73.81.155,未备案,常州电信,2019-03-05 23:59:36,
www.yyyywo.com,yyyywo.com,112.73.79.184,未备案,常州电信,2019-03-05 02:57:55,
4444aw.com,4444aw.com,112.73.81.175,未备案,常州电信,2019-03-05 23:59:45,
5555kc.com,5555kc.com,112.73.81.175,未备案,常州电信,2019-03-05 23:57:44,
www.2222aw.com,2222aw.com,112.73.81.175,未备案,常州电信,2019-03-05 23:59:59,
56dydy.com,56dydy.com,112.73.81.175,未备案,常州电信,2019-03-05 23:58:18,
www.6216cc.com,6216cc.com,112.73.79.184,未备案,常州电信,2019-03-05 00:50:36,
www.lywkc.com,lywkc.com,112.73.79.184,未备案,常州电信,2019-03-05 00:42:41,
www.b67222.com,b67222.com,112.73.79.184,未备案,常州电信,2019-03-05 00:22:08,
286716024.195243786.519ee.dfcms.net,dfcms.net,112.73.90.232,未备案,常州电信,2019-03-05 23:42:05,
www.y8366.com,y8366.com,112.73.79.184,未备案,常州电信,2019-03-05 01:13:28,
cb9kf.namebbb123.com,namebbb123.com,112.73.81.175,未备案,常州电信,2019-03-05 11:56:29,
www.hegouvip.com,hegouvip.com,112.73.81.155,未备案,常州电信,2019-03-05 23:59:32,
55sds.com,55sds.com,112.73.81.175,未备案,常州电信,2019-03-05 23:55:58,
wowoav.com,wowoav.com,112.73.79.184,未备案,常州电信,2019-03-05 07:38:15,
m.biquge.la,biquge.la,112.73.79.184,未备案,常州电信,2019-03-05 08:35:52,
www.1111xz.com,1111xz.com,112.73.81.175,未备案,常州电信,2019-03-05 23:59:59,
www.3424455.com,3424455.com,112.73.79.184,未备案,常州电信,2019-03-05 01:18:58,
www.cbkxxx.com,cbkxxx.com,112.73.79.184,未备案,常州电信,2019-03-05 00:25:41,
www.3333et.com,3333et.com,112.73.81.175,未备案,常州电信,2019-03-05 23:58:39,
lyw889.com,lyw889.com,112.73.79.184,未备案,常州电信,2019-03-05 06:32:57,
14ckck.com,14ckck.com,112.73.81.175,未备案,常州电信,2019-03-05 23:59:32,
q6474.com,q6474.com,112.73.79.199,未备案,常州电信,2019-03-05 23:33:06,
www.yd8678.com,yd8678.com,112.73.79.199,未备案,常州电信,2019-03-05 23:02:20,
www.xindz5.com,xindz5.com,112.73.81.175,未备案,常州电信,2019-03-05 15:59:28,
4444ec.com,4444ec.com,112.73.81.175,未备案,常州电信,2019-03-05 23:59:59,
xindz9.com,xindz9.com,112.73.81.175,未备案,常州电信,2019-03-05 23:40:02,
www.jsvip777.com,jsvip777.com,112.73.79.184,未备案,常州电信,2019-03-05 00:31:36,
76903.com,76903.com,112.73.79.199,未备案,常州电信,2019-03-05 21:20:31,
999.ygcp111.com,ygcp111.com,112.73.79.184,未备案,常州电信,2019-03-05 04:39:22,
caocao22.com,caocao22.com,112.73.79.199,未备案,常州电信,2019-03-05 19:45:17,
www.5555ak.com,5555ak.com,112.73.81.175,未备案,常州电信,2019-03-05 23:59:59,
www.99suncity.com,99suncity.com,112.73.79.199,未备案,常州电信,2019-03-05 20:58:57,
6666et.com,6666et.com,112.73.81.175,未备案,常州电信,2019-03-05 23:59:59,
339878.com,339878.com,112.73.79.199,未备案,常州电信,2019-03-05 21:02:15,
www.092ccc.com,092ccc.com,112.73.79.184,未备案,常州电信,2019-03-05 01:14:47,
www.184344.com,184344.com,112.73.79.199,未备案,常州电信,2019-03-05 22:27:57,
www.74000.com,74000.com,112.73.79.199,未备案,常州电信,2019-03-05 23:59:03,
4444xe.com,4444xe.com,112.73.81.175,未备案,常州电信,2019-03-05 23:59:59,
www.14333b.com,14333b.com,112.73.79.199,未备案,常州电信,2019-03-05 23:52:39,
www.0450450.com,0450450.com,112.73.79.184,未备案,常州电信,2019-03-05 00:54:20,
www.hg6969.com,hg6969.com,112.73.81.155,未备案,常州电信,2019-03-05 23:53:23,
cbk33.com,cbk33.com,112.73.79.184,未备案,常州电信,2019-03-05 04:14:08,
xb99bb.com,xb99bb.com,112.73.79.199,未备案,常州电信,2019-03-05 23:47:58,
www.58avav.com,58avav.com,112.73.81.175,未备案,常州电信,2019-03-05 23:59:34,
www.37tvtv.com,37tvtv.com,112.73.81.175,未备案,常州电信,2019-03-05 23:59:55,
wxc6222.com,wxc6222.com,112.73.79.184,未备案,常州电信,2019-03-05 01:17:19,
z88688.com,z88688.com,112.73.79.199,未备案,常州电信,2019-03-05 21:28:45,
www.4444ak.com,4444ak.com,112.73.81.175,未备案,常州电信,2019-03-05 23:59:29,
www.8f999.net,8f999.net,112.73.79.184,未备案,常州电信,2019-03-05 00:49:18,
p58j1.com,p58j1.com,112.73.79.184,未备案,常州电信,2019-03-05 00:20:37,
www.lao3377.com,lao3377.com,112.73.79.184,未备案,常州电信,2019-03-05 01:12:06,
8888xe.com,8888xe.com,112.73.81.175,未备案,常州电信,2019-03-05 23:59:54,
icon.szfw.org,szfw.org,112.73.89.123,未备案,常州电信,2019-03-05 13:09:21,
www.744000.com,744000.com,112.73.81.155,未备案,常州电信,2019-03-05 23:58:00,
www.27tvtv.com,27tvtv.com,112.73.81.175,未备案,常州电信,2019-03-05 23:59:41,
www.50600.com,50600.com,112.73.79.199,未备案,常州电信,2019-03-05 23:54:53,
www.p58j1.com,p58j1.com,112.73.79.184,未备案,常州电信,2019-03-05 00:20:37,
www.xed9555.com,xed9555.com,112.73.79.184,未备案,常州电信,2019-03-05 01:12:50,
www.cbkfff.com,cbkfff.com,112.73.79.184,未备案,常州电信,2019-03-05 00:33:48,
m.hg622.com,hg622.com,112.73.79.199,未备案,常州电信,2019-03-05 22:26:07,
www.722818.com,722818.com,112.73.79.184,未备案,常州电信,2019-03-05 05:34:00,
www.49ckck.com,49ckck.com,112.73.81.175,未备案,常州电信,2019-03-05 23:58:35,
www.bk1111.com,bk1111.com,112.73.81.175,未备案,常州电信,2019-03-05 23:54:08,
www.jr03.com,jr03.com,112.73.79.184,未备案,常州电信,2019-03-05 00:42:03,
www.158spa.com,158spa.com,112.73.81.155,未备案,常州电信,2019-03-05 23:51:43,
402987.com,402987.com,112.73.79.199,未备案,常州电信,2019-03-05 20:11:22,
www.34dydy.com,34dydy.com,112.73.81.175,未备案,常州电信,2019-03-05 23:59:53,
0657.com,0657.com,112.73.79.199,未备案,常州电信,2019-03-05 22:19:05,
www.xb99bb.com,xb99bb.com,112.73.79.199,未备案,常州电信,2019-03-05 23:47:58,
www.xb88dd.com,xb88dd.com,112.73.79.199,未备案,常州电信,2019-03-05 10:42:42,
xed9555.com,xed9555.com,112.73.79.184,未备案,常州电信,2019-03-05 01:12:50,
4444xz.com,4444xz.com,112.73.81.175,未备案,常州电信,2019-03-05 23:59:59,
m.hy003.com,hy003.com,112.73.81.155,未备案,常州电信,2019-03-05 23:12:02,
www.9646k.com,9646k.com,112.73.79.199,未备案,常州电信,2019-03-05 22:09:42,
www.073768.com,073768.com,112.73.79.199,未备案,常州电信,2019-03-05 23:21:28,
www.5017004.com,5017004.com,112.73.79.184,未备案,常州电信,2019-03-05 01:16:49,
www.4444aw.com,4444aw.com,112.73.81.175,未备案,常州电信,2019-03-05 23:59:45,
wxc7775.com,wxc7775.com,112.73.79.184,未备案,常州电信,2019-03-05 01:10:19,
www.23ckck.com,23ckck.com,112.73.81.175,未备案,常州电信,2019-03-05 23:59:59,
www.3421144.com,3421144.com,112.73.79.184,未备案,常州电信,2019-03-05 00:23:49,
www.laoyawo2.com,laoyawo2.com,112.73.79.184,未备案,常州电信,2019-03-05 00:08:54,
1111kf.com,1111kf.com,112.73.81.175,未备案,常州电信,2019-03-05 23:59:59,
dwj12.com,dwj12.com,112.73.79.184,未备案,常州电信,2019-03-05 00:57:56,
4067.com,4067.com,112.73.79.199,未备案,常州电信,2019-03-05 23:59:52,
www.77kp.com,77kp.com,112.73.89.244,未备案,常州电信,2019-03-05 23:59:59,
15akak.com,15akak.com,112.73.81.175,未备案,常州电信,2019-03-05 23:59:59,
6474b.com,6474b.com,112.73.79.199,未备案,常州电信,2019-03-05 02:02:12,
schannel.site,schannel.site,112.73.81.155,未备案,常州电信,2019-03-05 23:46:14,
amyh36.com,amyh36.com,112.73.79.184,未备案,常州电信,2019-03-05 00:41:20,
4847000.com,4847000.com,112.73.81.155,未备案,常州电信,2019-03-05 23:53:16,
www.543ah.com,543ah.com,112.73.81.175,未备案,常州电信,2019-03-05 23:57:16,
www.111sds.com,111sds.com,112.73.81.175,未备案,常州电信,2019-03-05 23:59:47,
www.251365.com,251365.com,112.73.79.184,未备案,常州电信,2019-03-05 01:03:03,
yawo123.com,yawo123.com,112.73.79.184,未备案,常州电信,2019-03-05 01:03:42,
www.hg859.com,hg859.com,112.73.79.199,未备案,常州电信,2019-03-05 20:43:35,
www.ddtv333.com,ddtv333.com,112.73.81.175,未备案,常州电信,2019-03-05 23:59:59,
www.tyc2881.com,tyc2881.com,112.73.79.184,未备案,常州电信,2019-03-05 00:48:13,
www.6666ah.com,6666ah.com,112.73.81.175,未备案,常州电信,2019-03-05 23:59:59,
www.3333kf.com,3333kf.com,112.73.81.175,未备案,常州电信,2019-03-05 23:50:13,
www.72dydy.com,72dydy.com,112.73.81.175,未备案,常州电信,2019-03-05 23:59:59,
666222j.com,666222j.com,112.73.79.184,未备案,常州电信,2019-03-05 01:01:50,
559558.com,559558.com,112.73.79.184,未备案,常州电信,2019-03-05 01:05:01,
gogogo2.kousou.cc,kousou.cc,112.73.89.244,未备案,常州电信,2019-03-05 10:39:46,
www.taijimaha.com,taijimaha.com,112.73.79.199,未备案,常州电信,2019-03-05 23:59:45,
www.777caiji.com,777caiji.com,112.73.81.175,未备案,常州电信,2019-03-05 23:59:35,
44cp44.com,44cp44.com,112.73.79.199,未备案,常州电信,2019-03-05 18:41:05,
7777xz.com,7777xz.com,112.73.81.175,未备案,常州电信,2019-03-05 23:59:06,
lao4848.com,lao4848.com,112.73.79.184,未备案,常州电信,2019-03-05 00:48:51,
2222xe.com,2222xe.com,112.73.81.175,未备案,常州电信,2019-03-05 23:59:59,
bbs.tt535.com,tt535.com,112.73.79.199,未备案,常州电信,2019-03-05 23:44:41,
www.z77.com,z77.com,112.73.79.199,未备案,常州电信,2019-03-05 23:41:08,
ked9.com,ked9.com,112.73.81.155,未备案,常州电信,2019-03-05 23:59:59,
www.hg27555.com,hg27555.com,112.73.79.199,未备案,常州电信,2019-03-05 21:18:35,
www.lhs444.com,lhs444.com,112.73.81.175,未备案,常州电信,2019-03-05 23:55:42,
8455.com,8455.com,112.73.79.184,未备案,常州电信,2019-03-05 00:27:30,
059768.com,059768.com,112.73.79.199,未备案,常州电信,2019-03-05 19:26:17,
f0010.com,f0010.com,112.73.79.184,未备案,常州电信,2019-03-05 01:19:02,
www.2222xz.com,2222xz.com,112.73.81.175,未备案,常州电信,2019-03-05 23:55:19,
www.148902.com,148902.com,112.73.79.199,未备案,常州电信,2019-03-05 21:05:41,
xb8866.com,xb8866.com,112.73.79.199,未备案,常州电信,2019-03-05 23:51:02,
www.88tk.cc,88tk.cc,112.73.79.199,未备案,常州电信,2019-03-05 23:52:32,
www.r6474.com,r6474.com,112.73.79.199,未备案,常州电信,2019-03-05 23:33:07,
www.wxc012.com,wxc012.com,112.73.79.184,未备案,常州电信,2019-03-05 00:42:27,
www.hy003.com,hy003.com,112.73.89.160,未备案,常州电信,2019-03-05 23:12:02,
www.nztd17.com,nztd17.com,112.73.81.155,未备案,常州电信,2019-03-05 23:59:54,
www.caobike.net,caobike.net,112.73.79.184,未备案,常州电信,2019-03-05 02:36:58,
5555zk.com,5555zk.com,112.73.81.175,未备案,常州电信,2019-03-05 23:59:58,
www.yh94633.com,yh94633.com,112.73.81.155,未备案,常州电信,2019-03-05 23:37:07,
1659988.com,1659988.com,112.73.79.184,未备案,常州电信,2019-03-05 01:03:03,
wxc2233.com,wxc2233.com,112.73.79.184,未备案,常州电信,2019-03-05 00:20:45,
www.m666ee.com,m666ee.com,112.73.79.184,未备案,常州电信,2019-03-05 01:06:41,
90hzyz21.com,90hzyz21.com,112.73.79.184,未备案,常州电信,2019-03-05 05:24:50,
dj713.com,dj713.com,112.73.79.184,未备案,常州电信,2019-03-05 01:12:39,
z1166.com,z1166.com,112.73.79.199,未备案,常州电信,2019-03-05 17:14:31,
www.xindz7.com,xindz7.com,112.73.81.175,未备案,常州电信,2019-03-05 23:50:37,
www.93492.com,93492.com,112.73.81.155,未备案,常州电信,2019-03-05 23:58:58,
halihali.cc,halihali.cc,112.73.79.182,未备案,常州电信,2019-03-05 23:16:59,
www.8888sds.com,8888sds.com,112.73.81.175,未备案,常州电信,2019-03-05 23:59:29,
qidian189.com,qidian189.com,112.73.79.182,未备案,常州电信,2019-03-05 18:44:23,
2222aw.com,2222aw.com,112.73.81.175,未备案,常州电信,2019-03-05 23:59:59,
www.kk222.com,kk222.com,112.73.81.155,未备案,常州电信,2019-03-05 23:47:57,
www.855999.com,855999.com,112.73.79.199,未备案,常州电信,2019-03-05 21:57:54,
pt138.com,pt138.com,112.73.79.184,未备案,常州电信,2019-03-05 00:43:42,
www.wxc2119.com,wxc2119.com,112.73.79.184,未备案,常州电信,2019-03-05 00:56:15,
www.woaidafa888.com,woaidafa888.com,112.73.79.184,未备案,常州电信,2019-03-05 00:12:15,
www.54dydy.com,54dydy.com,112.73.81.175,未备案,常州电信,2019-03-05 23:59:08,
www.888js7.com,888js7.com,112.73.79.184,未备案,常州电信,2019-03-05 00:53:47,
www.cb5.me,cb5.me,112.73.81.175,未备案,常州电信,2019-03-05 23:59:59,
www.42789.com,42789.com,112.73.79.199,未备案,常州电信,2019-03-05 23:30:02,
aqdybr.com,aqdybr.com,112.73.79.184,未备案,常州电信,2019-03-05 04:28:04,
dafa.cc,dafa.cc,112.73.79.184,未备案,常州电信,2019-03-05 01:17:50,
336688d.com,336688d.com,112.73.79.199,未备案,常州电信,2019-03-05 21:18:00,
6474w.com,6474w.com,112.73.79.199,未备案,常州电信,2019-03-05 02:00:55,
www.4067.com,4067.com,112.73.79.199,未备案,常州电信,2019-03-05 23:59:52,
www.317dj.com,317dj.com,112.73.79.184,未备案,常州电信,2019-03-05 01:16:44,
823832.com,823832.com,112.73.79.199,未备案,常州电信,2019-03-05 21:36:49,
www.laoyapo.com,laoyapo.com,112.73.79.184,未备案,常州电信,2019-03-05 08:05:49,
xed8880.com,xed8880.com,112.73.79.184,未备案,常州电信,2019-03-05 01:01:59,
38dydy.com,38dydy.com,112.73.81.175,未备案,常州电信,2019-03-05 23:59:16,
69ckck.com,69ckck.com,112.73.81.175,未备案,常州电信,2019-03-05 23:59:22,
6666ae.com,6666ae.com,112.73.81.175,未备案,常州电信,2019-03-05 23:59:13,
www.37433.com,37433.com,112.73.79.199,未备案,常州电信,2019-03-05 23:52:28,
www.345365c.com,345365c.com,112.73.81.155,未备案,常州电信,2019-03-05 04:38:50,
www.jnh556.com,jnh556.com,112.73.79.184,未备案,常州电信,2019-03-05 00:43:39,
www.accp9999.com,accp9999.com,112.73.79.184,未备案,常州电信,2019-03-05 00:17:32,
www.4444sds.com,4444sds.com,112.73.81.175,未备案,常州电信,2019-03-05 23:59:59,
www.banyungong.net,banyungong.net,112.73.89.160,未备案,常州电信,2019-03-05 23:59:51,
1000000004afa0.dfcms.net,dfcms.net,112.73.90.232,未备案,常州电信,2019-03-05 23:42:05,
29tvtv.com,29tvtv.com,112.73.81.175,未备案,常州电信,2019-03-05 23:59:59,
www.aoyoso.cc,aoyoso.cc,112.73.90.223,未备案,常州电信,2019-03-05 18:20:11,
